inputId,Age_in_years,Credit_amount,Credit_history,Duration_in_month,Housing,Installment_rate_in_percentage_of_disposable_income,Job,Number_of_existing_credits_at_this_bank,Number_of_people_being_liable_to_provide_maintenance_for,Other_installment_plans,Personal_status_and_sex,Present_employment_since,Present_residence_since,Property,Purpose,Savings_account_bonds,Status_of_existing_checking_account,Telephone,_Other_debtors_or_guarantors,foreign_worker,good_3_bad_2_customer,groups
0,1,5103,A34,24,A153,3,A173,3,1,A143,A94,A72,3,A124,A43,A61,A14,0,A101,A201,1,1
1,1,3349,A31,24,A153,4,A173,1,2,A143,A93,A72,4,A124,A42,A63,A11,0,A101,A201,0,1
2,1,701,A32,12,A152,4,A172,1,1,A143,A94,A73,2,A121,A43,A61,A11,1,A101,A201,1,1
3,1,2022,A34,24,A152,4,A173,1,1,A143,A92,A73,4,A123,A40,A61,A14,0,A101,A201,1,1
4,1,11816,A30,45,A151,2,A173,2,1,A143,A93,A75,4,A123,A49,A61,A11,1,A101,A201,0,1
5,1,1126,A32,9,A152,2,A173,1,1,A143,A91,A75,4,A121,A43,A62,A13,1,A101,A201,1,1
6,1,1323,A34,6,A152,2,A173,2,2,A143,A91,A75,4,A123,A40,A62,A13,0,A101,A201,1,1
7,1,12749,A33,48,A152,4,A174,1,1,A143,A93,A74,1,A123,A43,A63,A14,0,A101,A201,1,1
8,1,753,A32,6,A152,2,A173,1,1,A143,A92,A73,3,A121,A43,A61,A12,1,A103,A201,1,1
9,0,882,A34,13,A152,4,A173,2,1,A143,A93,A72,4,A121,A43,A61,A12,1,A103,A201,1,0
10,0,2718,A32,24,A151,3,A172,1,1,A143,A92,A73,4,A122,A40,A61,A12,0,A101,A201,0,0
11,1,709,A32,6,A152,2,A171,1,1,A143,A94,A72,2,A121,A40,A64,A13,1,A101,A202,1,1
12,1,3651,A32,12,A152,1,A173,1,2,A143,A93,A73,3,A122,A40,A64,A11,1,A101,A201,1,1
13,1,1755,A32,24,A152,4,A172,1,1,A143,A92,A75,4,A121,A410,A61,A11,0,A103,A201,1,1
14,1,2012,A34,12,A152,4,A173,1,1,A143,A92,A74,2,A123,A46,A65,A14,1,A101,A201,1,1
15,1,1525,A32,24,A152,4,A173,1,2,A143,A92,A74,3,A123,A40,A64,A14,0,A101,A201,1,1
16,1,1199,A32,9,A152,4,A174,2,1,A143,A92,A74,4,A122,A46,A61,A12,0,A101,A201,1,1
17,1,10366,A32,60,A152,2,A174,1,1,A143,A93,A75,4,A122,A40,A61,A14,0,A101,A201,1,1
18,1,2923,A32,21,A152,1,A174,1,1,A141,A92,A73,1,A123,A40,A62,A13,0,A101,A201,1,1
19,1,5998,A34,40,A152,4,A173,1,1,A141,A93,A73,3,A124,A46,A61,A11,0,A101,A201,0,1
20,0,3758,A32,24,A151,1,A171,1,1,A143,A92,A71,4,A124,A43,A63,A12,1,A101,A201,1,0
21,1,4530,A34,30,A151,4,A174,1,1,A143,A92,A74,4,A123,A43,A61,A14,0,A101,A201,1,1
22,0,1568,A32,18,A151,3,A172,1,1,A143,A92,A73,4,A122,A49,A62,A14,1,A101,A201,1,0
23,0,1444,A32,15,A152,4,A173,1,1,A143,A93,A72,1,A122,A43,A65,A12,1,A101,A201,1,0
24,1,1495,A34,12,A152,4,A172,2,2,A143,A93,A75,1,A121,A40,A61,A14,1,A101,A201,1,1
25,1,4153,A32,18,A152,2,A173,1,1,A143,A93,A73,3,A123,A42,A61,A11,1,A102,A201,0,1
26,1,2659,A32,18,A152,4,A173,1,1,A143,A93,A73,2,A123,A42,A64,A11,1,A101,A201,1,1
27,1,1249,A32,24,A152,4,A173,1,1,A143,A94,A72,2,A121,A40,A61,A14,1,A101,A201,1,1
28,1,1082,A30,12,A152,4,A173,2,1,A141,A93,A73,4,A123,A40,A61,A11,1,A101,A201,0,1
29,0,5511,A32,24,A152,4,A173,1,1,A142,A93,A73,1,A123,A42,A62,A14,1,A101,A201,1,0
30,1,6742,A34,30,A152,2,A173,2,1,A143,A93,A74,3,A122,A43,A65,A14,1,A101,A201,1,1
31,0,2238,A34,18,A152,2,A173,2,1,A143,A92,A73,1,A123,A43,A61,A14,1,A101,A201,1,0
32,1,2993,A33,21,A152,3,A172,2,1,A142,A93,A73,2,A121,A41,A61,A14,1,A101,A201,1,1
33,1,3430,A32,24,A152,3,A173,1,2,A143,A93,A75,2,A123,A43,A63,A14,0,A101,A201,1,1
34,1,7721,A32,24,A152,1,A173,1,1,A143,A92,A72,2,A122,A42,A65,A11,0,A101,A202,1,1
35,1,684,A32,12,A151,4,A172,1,2,A143,A93,A73,4,A123,A46,A61,A11,1,A101,A201,0,1
36,1,6458,A31,18,A152,2,A174,2,2,A141,A93,A75,4,A124,A40,A61,A14,0,A101,A201,0,1
37,1,6078,A32,12,A152,2,A173,1,1,A143,A93,A74,2,A123,A40,A61,A12,1,A101,A201,1,1
38,1,12612,A32,36,A153,1,A173,1,2,A143,A93,A73,4,A124,A46,A62,A12,0,A101,A201,0,1
39,0,866,A32,18,A152,4,A172,1,1,A143,A94,A73,2,A121,A43,A61,A12,1,A103,A201,1,0
40,1,1309,A32,10,A152,4,A172,1,1,A143,A93,A73,4,A122,A40,A65,A14,1,A103,A201,0,1
41,1,2415,A32,7,A152,3,A173,1,1,A143,A93,A73,2,A121,A43,A61,A12,1,A103,A201,1,1
42,1,2675,A32,22,A152,3,A173,1,1,A143,A93,A75,4,A123,A43,A63,A14,1,A101,A201,1,1
43,0,932,A33,6,A152,3,A173,1,1,A143,A92,A73,2,A121,A43,A61,A14,1,A101,A201,1,0
44,1,1817,A34,18,A152,4,A173,2,1,A143,A92,A73,2,A124,A42,A61,A14,1,A101,A201,1,1
45,0,1768,A32,12,A151,3,A172,1,1,A143,A93,A73,2,A121,A42,A61,A14,1,A101,A201,1,0
46,1,3001,A32,18,A151,2,A173,1,1,A143,A92,A74,4,A121,A42,A61,A12,1,A101,A201,1,1
47,1,6288,A32,60,A153,4,A173,1,1,A143,A93,A73,4,A124,A46,A61,A12,1,A101,A201,0,1
48,1,11328,A32,24,A152,2,A174,2,1,A141,A93,A73,3,A123,A410,A61,A12,0,A102,A201,0,1
49,1,3345,A32,24,A151,4,A174,1,1,A143,A93,A75,2,A122,A42,A61,A11,0,A101,A201,0,1
50,1,1372,A32,12,A152,2,A173,1,1,A143,A91,A74,3,A123,A40,A61,A11,1,A101,A201,0,1
51,0,3832,A32,30,A152,2,A173,1,1,A143,A94,A72,1,A122,A42,A61,A12,1,A101,A201,1,0
52,1,2366,A34,12,A152,3,A174,1,1,A143,A91,A74,3,A123,A40,A63,A12,0,A101,A201,1,1
53,1,1338,A32,6,A152,1,A173,1,1,A143,A91,A73,4,A121,A44,A63,A14,1,A101,A201,1,1
54,1,7228,A34,11,A152,1,A172,2,1,A143,A93,A73,4,A122,A40,A61,A14,1,A101,A201,1,1
55,0,3190,A32,18,A152,2,A173,1,1,A143,A92,A73,2,A121,A43,A61,A11,1,A101,A201,0,0
56,1,3835,A32,36,A152,2,A172,1,1,A143,A92,A75,4,A121,A43,A65,A14,0,A101,A201,1,1
57,1,1884,A32,12,A152,4,A174,1,1,A143,A93,A75,4,A123,A40,A61,A14,0,A101,A201,1,1
58,1,1851,A34,24,A152,4,A173,2,1,A143,A94,A74,2,A123,A43,A61,A14,0,A103,A201,1,1
59,1,3069,A32,24,A153,4,A173,1,1,A143,A93,A75,4,A124,A42,A62,A12,1,A101,A201,1,1
60,1,2246,A34,12,A152,3,A173,2,1,A143,A93,A75,3,A122,A42,A61,A11,1,A101,A201,0,1
61,1,1823,A32,24,A152,4,A174,1,2,A142,A93,A71,2,A123,A43,A61,A11,1,A101,A201,0,1
62,0,1546,A31,24,A151,4,A172,1,1,A141,A93,A74,4,A123,A43,A61,A11,1,A103,A201,0,0
63,1,6110,A34,48,A153,1,A173,1,1,A141,A93,A73,3,A124,A46,A61,A14,0,A101,A201,1,1
64,0,6560,A32,48,A152,3,A173,1,1,A143,A93,A74,2,A122,A40,A62,A12,1,A101,A201,0,0
65,0,1262,A32,12,A152,3,A173,1,1,A143,A93,A73,2,A123,A43,A61,A14,1,A101,A201,1,0
66,0,1670,A32,9,A152,4,A173,1,1,A143,A92,A72,2,A123,A43,A61,A12,0,A101,A201,0,0
67,1,1898,A34,6,A152,1,A172,2,2,A143,A93,A73,2,A121,A43,A65,A14,1,A101,A201,1,1
68,0,1246,A32,24,A152,4,A172,1,1,A142,A93,A72,2,A121,A40,A61,A12,1,A101,A201,0,0
69,1,1478,A34,15,A152,4,A173,2,2,A143,A93,A75,4,A123,A42,A61,A11,0,A101,A201,1,1
70,0,2221,A32,15,A151,2,A173,1,1,A143,A92,A73,4,A123,A42,A63,A14,1,A101,A201,1,0
71,1,691,A34,12,A152,4,A173,2,1,A143,A93,A75,3,A122,A40,A61,A11,1,A101,A201,0,1
72,1,3077,A34,30,A152,3,A173,2,2,A143,A93,A75,2,A123,A43,A65,A14,0,A101,A201,1,1
73,1,1318,A32,12,A152,4,A173,1,1,A143,A93,A75,4,A121,A40,A64,A12,0,A101,A201,1,1
74,1,3656,A34,30,A152,4,A172,2,1,A142,A93,A75,4,A122,A43,A65,A13,1,A101,A201,1,1
75,1,2122,A34,12,A151,3,A172,2,2,A143,A93,A73,2,A121,A40,A61,A11,1,A101,A202,1,1
76,1,2121,A34,12,A152,4,A173,2,1,A143,A93,A73,2,A122,A40,A61,A11,1,A101,A201,1,1
77,1,2116,A32,6,A152,2,A173,1,1,A143,A93,A73,2,A121,A42,A61,A13,0,A101,A201,1,1
78,1,2831,A34,30,A152,4,A173,1,1,A143,A92,A73,2,A123,A43,A61,A14,0,A101,A201,1,1
79,1,2442,A34,27,A152,4,A174,4,2,A142,A93,A75,4,A123,A49,A61,A11,0,A101,A201,1,1
80,1,1537,A34,15,A152,4,A173,2,1,A143,A93,A75,4,A121,A43,A65,A12,0,A103,A201,1,1
81,1,2892,A32,24,A153,3,A173,1,1,A143,A91,A75,4,A124,A42,A61,A13,1,A101,A201,1,1
82,1,3447,A31,12,A152,4,A172,1,2,A143,A92,A73,3,A121,A48,A63,A14,1,A101,A201,1,1
83,1,1347,A34,10,A152,4,A173,2,1,A143,A93,A74,2,A122,A43,A65,A13,0,A101,A201,1,1
84,1,2389,A32,18,A152,4,A173,1,1,A142,A92,A72,1,A123,A43,A61,A11,1,A101,A201,1,1
85,1,3249,A32,36,A153,2,A174,1,2,A141,A93,A74,4,A124,A40,A61,A11,0,A101,A201,1,1
86,1,3757,A32,24,A153,4,A173,1,1,A143,A92,A75,4,A124,A40,A61,A14,0,A102,A201,1,1
87,1,1449,A32,9,A152,3,A173,2,1,A143,A92,A74,2,A123,A49,A61,A14,1,A101,A201,1,1
88,1,3161,A31,24,A151,4,A173,1,1,A143,A93,A73,2,A122,A49,A61,A11,0,A101,A201,0,1
89,1,1512,A33,15,A152,3,A173,2,1,A142,A94,A73,3,A122,A45,A64,A12,1,A101,A201,0,1
90,1,1995,A34,12,A152,4,A173,1,1,A143,A93,A72,1,A123,A40,A62,A12,1,A101,A201,1,1
91,1,8978,A32,14,A152,1,A174,1,1,A143,A91,A75,4,A122,A40,A61,A11,0,A101,A202,0,1
92,0,1282,A32,12,A151,2,A173,1,1,A143,A92,A73,4,A123,A42,A61,A11,1,A101,A201,0,0
93,1,7865,A32,12,A153,4,A174,1,1,A143,A93,A75,4,A124,A42,A61,A11,0,A101,A201,0,1
94,0,4736,A34,24,A152,2,A172,1,1,A141,A92,A72,4,A123,A42,A61,A12,1,A101,A201,0,0
95,1,4380,A32,18,A152,3,A172,1,2,A143,A93,A73,4,A123,A40,A62,A11,0,A101,A201,1,1
96,1,4870,A33,24,A153,3,A173,2,2,A143,A93,A73,4,A124,A40,A61,A11,1,A101,A201,0,1
97,1,5954,A34,42,A152,2,A172,2,1,A141,A92,A74,1,A121,A49,A61,A12,1,A101,A201,1,1
98,1,2241,A32,21,A152,4,A173,2,1,A143,A93,A75,2,A121,A42,A61,A14,1,A101,A201,1,1
99,1,5507,A34,24,A153,3,A173,2,1,A143,A93,A75,4,A124,A45,A61,A14,1,A101,A201,1,1
100,1,2186,A32,15,A151,1,A172,1,1,A141,A92,A74,4,A121,A42,A65,A14,1,A101,A201,1,1
101,0,1258,A32,24,A152,4,A173,1,1,A143,A93,A74,1,A121,A49,A61,A14,0,A101,A201,1,0
102,1,1778,A30,15,A151,2,A171,2,1,A143,A92,A72,1,A121,A40,A61,A12,1,A101,A201,0,1
103,0,11560,A32,24,A151,1,A174,2,1,A143,A92,A73,4,A123,A41,A61,A12,1,A101,A201,0,0
104,0,2210,A32,10,A151,2,A172,1,1,A141,A93,A73,2,A121,A42,A61,A14,1,A101,A201,0,0
105,1,1845,A32,15,A151,4,A173,1,1,A143,A92,A72,1,A122,A42,A61,A11,1,A103,A201,1,1
106,1,2748,A34,12,A153,2,A172,3,1,A141,A92,A75,4,A124,A46,A61,A14,1,A101,A201,1,1
107,1,4657,A32,15,A152,3,A173,1,1,A143,A93,A73,2,A123,A41,A61,A14,0,A101,A201,1,1
108,0,2039,A32,24,A152,1,A173,1,1,A143,A94,A72,1,A122,A43,A61,A12,0,A101,A201,0,0
109,1,3123,A32,24,A152,4,A173,1,1,A143,A92,A72,1,A122,A40,A61,A11,1,A101,A201,0,1
110,1,10722,A32,47,A152,1,A172,1,1,A143,A92,A72,1,A121,A40,A61,A11,0,A101,A201,1,1
111,1,1445,A31,18,A152,4,A172,1,1,A141,A93,A74,4,A123,A43,A65,A13,1,A101,A201,1,1
112,1,1403,A32,15,A151,2,A173,1,1,A143,A92,A73,4,A123,A40,A61,A11,1,A101,A201,1,1
113,1,1185,A34,12,A152,3,A173,2,1,A143,A92,A73,2,A121,A49,A61,A14,1,A101,A201,1,1
114,1,2384,A32,24,A151,4,A172,1,1,A141,A93,A75,4,A121,A43,A61,A11,1,A101,A201,1,1
115,1,590,A32,6,A152,3,A172,1,1,A143,A94,A72,3,A121,A43,A61,A12,1,A101,A202,1,1
116,1,2100,A32,18,A152,4,A173,1,1,A142,A93,A73,2,A121,A43,A61,A13,1,A102,A201,0,1
117,1,3966,A34,18,A151,1,A173,3,1,A141,A92,A75,4,A121,A40,A61,A11,0,A101,A201,0,1
118,1,3857,A32,30,A152,4,A174,1,1,A143,A91,A73,4,A122,A41,A61,A11,0,A101,A201,1,1
119,1,5804,A34,24,A152,4,A173,2,1,A143,A93,A73,2,A121,A41,A64,A14,1,A101,A201,1,1
120,1,7882,A32,42,A153,2,A173,1,2,A143,A93,A74,4,A122,A42,A61,A11,1,A103,A201,1,1
121,1,1201,A32,24,A152,4,A173,1,1,A143,A93,A72,1,A122,A40,A61,A12,1,A101,A201,1,1
122,1,1287,A32,10,A152,4,A172,1,1,A143,A93,A75,2,A122,A40,A65,A14,1,A102,A202,1,1
123,1,1216,A34,24,A152,4,A173,2,2,A141,A93,A72,4,A124,A43,A62,A12,1,A101,A201,0,1
124,0,2323,A32,36,A151,4,A173,1,1,A143,A93,A74,4,A123,A43,A61,A12,1,A101,A201,1,0
125,1,8613,A33,27,A152,2,A173,2,1,A143,A93,A73,2,A123,A41,A64,A14,1,A101,A201,1,1
126,0,585,A33,12,A151,4,A173,2,1,A143,A94,A73,4,A121,A43,A61,A12,1,A102,A201,1,0
127,1,709,A32,12,A152,4,A172,1,1,A142,A93,A75,4,A121,A43,A61,A11,1,A101,A201,0,1
128,1,1520,A34,15,A152,4,A173,1,1,A143,A93,A75,4,A122,A42,A65,A14,1,A101,A201,1,1
129,1,13756,A34,60,A153,2,A174,1,1,A141,A93,A75,4,A124,A40,A65,A14,0,A101,A201,1,1
130,1,3599,A32,21,A151,1,A172,1,1,A143,A92,A74,4,A123,A42,A61,A11,1,A101,A201,1,1
131,1,1797,A34,13,A152,3,A172,2,1,A141,A93,A72,1,A122,A49,A61,A11,1,A101,A201,1,1
132,1,1236,A32,6,A151,2,A173,1,1,A143,A93,A73,4,A122,A41,A63,A14,1,A101,A201,1,1
133,1,2315,A32,10,A152,3,A172,1,1,A143,A93,A75,4,A121,A43,A61,A11,1,A101,A201,1,1
134,1,7629,A34,48,A152,4,A174,2,2,A141,A91,A75,2,A123,A49,A65,A14,1,A101,A201,1,1
135,0,2039,A32,18,A151,1,A173,1,1,A141,A92,A73,4,A121,A42,A61,A11,1,A101,A201,0,0
136,1,2606,A32,21,A151,4,A174,1,1,A143,A92,A72,4,A122,A43,A61,A11,0,A101,A201,1,1
137,0,15653,A33,60,A152,2,A173,2,1,A143,A93,A74,4,A123,A43,A61,A14,0,A101,A201,1,0
138,1,1597,A34,24,A153,4,A173,2,2,A143,A93,A75,4,A124,A46,A61,A14,1,A101,A201,1,1
139,0,2080,A34,6,A152,1,A173,1,1,A143,A94,A73,2,A123,A40,A63,A14,1,A101,A201,1,0
140,0,1216,A32,18,A151,4,A173,1,1,A143,A92,A72,3,A123,A40,A61,A11,0,A101,A201,0,0
141,1,1154,A34,11,A152,4,A172,3,1,A143,A92,A71,4,A121,A43,A62,A14,1,A101,A201,1,1
142,1,2028,A32,12,A152,4,A173,1,1,A143,A93,A73,2,A123,A41,A65,A12,1,A101,A201,1,1
143,1,4473,A32,36,A152,4,A173,1,1,A143,A93,A75,2,A123,A43,A61,A13,1,A101,A201,1,1
144,1,701,A34,12,A152,4,A173,2,1,A143,A93,A73,2,A123,A46,A61,A14,1,A101,A201,1,1
145,1,719,A32,12,A152,4,A172,1,2,A141,A93,A75,4,A123,A46,A61,A14,1,A101,A201,0,1
146,1,2603,A32,24,A151,2,A173,1,1,A143,A92,A73,4,A123,A41,A64,A14,0,A101,A201,1,1
147,1,763,A32,12,A152,4,A173,1,1,A143,A92,A73,1,A121,A42,A61,A14,0,A101,A201,1,1
148,1,932,A34,6,A152,1,A172,2,1,A143,A92,A74,3,A122,A48,A65,A12,1,A101,A201,1,1
149,1,1935,A34,24,A152,4,A173,2,1,A143,A91,A75,4,A121,A49,A61,A12,0,A101,A201,0,1
150,1,2133,A32,12,A153,4,A174,1,1,A143,A92,A75,4,A124,A40,A65,A14,0,A101,A201,1,1
151,1,1928,A34,18,A152,2,A172,2,1,A143,A93,A72,2,A121,A42,A61,A12,1,A101,A201,0,1
152,1,1819,A32,36,A153,4,A173,1,1,A142,A93,A73,4,A124,A46,A61,A14,0,A101,A201,0,1
153,1,1572,A32,21,A152,4,A172,1,1,A141,A92,A75,4,A121,A49,A64,A14,1,A101,A201,1,1
154,1,776,A32,12,A152,4,A173,1,1,A143,A94,A73,2,A121,A43,A61,A14,1,A101,A201,1,1
155,1,2279,A32,12,A153,4,A173,1,1,A143,A93,A73,4,A124,A43,A65,A14,0,A101,A201,1,1
156,1,7253,A34,33,A152,3,A174,2,1,A143,A93,A74,2,A123,A41,A61,A14,0,A101,A201,1,1
157,1,1455,A34,4,A152,2,A172,3,2,A143,A93,A74,1,A121,A40,A61,A14,1,A101,A201,1,1
158,0,626,A31,12,A152,4,A172,1,1,A141,A92,A73,4,A121,A43,A61,A11,1,A101,A201,0,0
159,0,3973,A32,14,A153,1,A173,1,1,A143,A93,A71,4,A124,A40,A61,A11,1,A101,A201,1,0
160,1,2064,A33,24,A152,3,A174,1,1,A143,A92,A71,2,A122,A42,A61,A12,0,A101,A201,0,1
161,1,1977,A32,36,A152,4,A174,1,1,A143,A93,A75,4,A124,A46,A65,A11,0,A101,A201,0,1
162,1,3446,A32,36,A152,4,A173,1,2,A143,A93,A75,2,A123,A42,A61,A11,1,A101,A201,0,1
163,1,3959,A32,15,A152,3,A173,1,1,A143,A92,A73,2,A122,A40,A61,A11,0,A101,A201,0,1
164,1,672,A32,6,A152,1,A171,1,1,A143,A92,A71,4,A121,A40,A61,A14,0,A101,A201,1,1
165,0,1442,A32,24,A151,4,A173,2,1,A143,A92,A74,4,A123,A40,A61,A11,1,A101,A201,0,0
166,1,1941,A32,18,A152,4,A172,1,1,A143,A93,A73,2,A122,A49,A64,A12,0,A101,A201,1,1
167,1,9436,A30,54,A152,2,A172,1,2,A143,A93,A73,2,A122,A41,A65,A14,1,A101,A201,1,1
168,1,2169,A33,18,A152,4,A173,1,1,A143,A94,A73,2,A123,A49,A61,A14,0,A101,A201,0,1
169,0,4746,A34,45,A152,4,A172,2,1,A143,A93,A72,2,A122,A43,A61,A12,1,A101,A201,0,0
170,1,1927,A34,24,A152,3,A173,2,1,A143,A92,A73,2,A123,A46,A65,A14,0,A101,A201,1,1
171,1,3414,A33,21,A152,2,A173,2,1,A143,A93,A72,1,A122,A46,A61,A11,1,A101,A201,0,1
172,0,2136,A32,9,A152,3,A173,1,1,A143,A93,A73,2,A121,A42,A61,A11,1,A101,A201,1,0
173,1,3556,A32,15,A152,3,A173,1,1,A143,A93,A73,2,A124,A40,A65,A14,1,A101,A201,1,1
174,1,1190,A34,18,A153,2,A171,3,2,A143,A92,A71,4,A124,A45,A61,A11,1,A101,A201,0,1
175,1,4591,A32,24,A152,2,A174,3,1,A143,A93,A73,3,A122,A49,A64,A14,0,A101,A201,0,1
176,1,362,A34,6,A152,4,A172,2,1,A143,A92,A73,4,A123,A40,A62,A14,1,A101,A201,1,1
177,1,1549,A32,9,A152,4,A171,1,1,A143,A93,A72,2,A121,A40,A65,A12,1,A101,A201,1,1
178,1,2348,A34,36,A152,3,A173,2,1,A143,A94,A73,2,A122,A42,A61,A11,0,A101,A201,1,1
179,1,2930,A32,12,A152,2,A173,1,1,A143,A92,A74,1,A121,A43,A61,A12,1,A101,A201,1,1
180,1,1442,A31,18,A153,4,A172,2,2,A143,A93,A74,4,A124,A40,A61,A11,1,A101,A201,0,1
181,1,3643,A33,15,A152,1,A172,2,1,A143,A92,A75,4,A122,A42,A61,A11,1,A101,A201,1,1
182,1,1984,A32,18,A153,4,A173,2,1,A141,A93,A73,4,A124,A42,A61,A14,1,A101,A201,1,1
183,1,2149,A31,12,A153,4,A173,1,1,A143,A91,A73,1,A124,A43,A61,A11,1,A101,A201,0,1
184,1,3049,A32,18,A152,1,A172,1,1,A142,A92,A72,1,A122,A42,A61,A13,1,A101,A201,1,1
185,1,3915,A32,27,A152,4,A173,1,2,A143,A93,A73,2,A123,A49,A61,A12,0,A101,A201,0,1
186,0,2301,A32,9,A151,2,A173,1,1,A143,A92,A72,4,A122,A42,A62,A14,1,A101,A201,1,0
187,1,1382,A34,24,A152,4,A173,2,1,A143,A93,A74,1,A121,A49,A62,A11,0,A101,A201,1,1
188,1,1217,A32,18,A152,4,A172,1,1,A143,A94,A73,3,A121,A44,A61,A11,0,A101,A201,0,1
189,1,1657,A32,12,A152,2,A173,1,1,A143,A93,A73,2,A121,A42,A61,A11,1,A101,A201,1,1
190,1,931,A31,6,A152,1,A172,1,1,A142,A92,A72,1,A122,A40,A62,A12,1,A101,A201,0,1
191,0,1236,A32,9,A151,1,A173,1,1,A143,A92,A72,4,A121,A44,A61,A14,0,A101,A201,1,0
192,0,2327,A32,15,A152,2,A172,1,1,A143,A92,A72,3,A121,A43,A61,A13,1,A101,A201,0,0
193,1,2051,A32,18,A152,4,A173,1,1,A143,A93,A72,1,A121,A43,A61,A14,1,A101,A201,1,1
194,1,10974,A32,36,A152,4,A174,2,1,A143,A92,A71,2,A123,A42,A61,A14,0,A101,A201,0,1
195,1,1188,A32,21,A152,2,A173,1,2,A143,A92,A75,4,A122,A49,A61,A12,1,A101,A201,0,1
196,1,1459,A34,15,A152,4,A172,1,1,A143,A92,A73,2,A123,A43,A61,A14,1,A101,A201,1,1
197,1,2346,A34,24,A152,4,A173,2,1,A143,A93,A74,3,A123,A41,A61,A14,0,A101,A201,1,1
198,1,4623,A32,15,A152,3,A174,1,1,A143,A93,A73,2,A122,A46,A62,A14,0,A101,A201,0,1
199,1,11760,A33,39,A151,2,A173,1,1,A143,A93,A74,3,A124,A46,A62,A12,0,A101,A201,1,1
200,0,1371,A32,24,A151,4,A173,1,1,A143,A92,A73,4,A121,A40,A65,A11,1,A101,A201,0,0
201,1,1533,A32,18,A152,4,A172,1,2,A143,A94,A72,1,A122,A42,A61,A14,1,A102,A201,0,1
202,0,2462,A32,18,A152,2,A173,1,1,A143,A93,A73,2,A123,A42,A61,A11,1,A101,A201,0,0
203,0,8487,A32,48,A152,1,A173,1,1,A143,A92,A74,2,A123,A40,A65,A12,1,A101,A201,1,0
204,1,1449,A33,6,A152,1,A173,2,2,A141,A91,A75,2,A123,A49,A62,A12,1,A101,A201,1,1
205,1,9157,A33,60,A153,2,A174,1,1,A143,A93,A73,2,A124,A43,A65,A12,1,A101,A201,1,1
206,1,2611,A34,24,A152,4,A173,2,1,A143,A94,A75,3,A121,A43,A61,A14,1,A102,A201,1,1
207,1,797,A34,12,A152,4,A172,1,2,A141,A92,A75,3,A122,A43,A65,A14,1,A101,A201,0,1
208,1,3512,A32,24,A152,2,A173,2,1,A141,A93,A74,3,A123,A40,A62,A12,0,A101,A201,1,1
209,1,2249,A32,18,A152,4,A174,1,2,A143,A93,A74,3,A123,A40,A62,A11,0,A101,A201,1,1
210,1,4042,A34,42,A152,4,A173,2,1,A143,A93,A73,4,A121,A42,A63,A14,0,A101,A201,1,1
211,1,2235,A34,20,A151,4,A173,2,1,A141,A94,A73,2,A122,A40,A61,A11,1,A103,A202,0,1
212,1,1101,A32,12,A152,3,A173,2,1,A143,A94,A73,2,A121,A40,A61,A14,0,A101,A201,1,1
213,1,1360,A34,15,A152,4,A173,2,1,A143,A93,A73,2,A122,A43,A61,A14,1,A101,A201,1,1
214,1,3621,A32,24,A152,2,A173,2,1,A143,A93,A75,4,A123,A43,A62,A14,1,A101,A201,0,1
215,0,14421,A30,48,A152,2,A173,1,1,A143,A93,A73,2,A123,A49,A61,A12,0,A101,A201,0,0
216,1,15945,A30,54,A151,3,A173,1,1,A143,A93,A72,4,A124,A49,A61,A12,0,A101,A201,0,1
217,0,1258,A34,12,A151,2,A172,2,1,A143,A92,A72,4,A122,A42,A61,A14,1,A101,A201,1,0
218,1,2538,A33,24,A152,4,A172,2,2,A143,A93,A75,4,A123,A40,A61,A14,1,A101,A201,0,1
219,1,1957,A34,6,A152,1,A173,1,1,A143,A92,A74,4,A123,A43,A61,A11,1,A101,A201,1,1
220,1,522,A34,12,A152,4,A173,2,2,A143,A93,A75,4,A122,A43,A63,A14,0,A101,A201,1,1
221,1,2910,A32,24,A153,2,A174,1,1,A143,A93,A74,1,A124,A41,A61,A11,0,A101,A201,1,1
222,1,888,A32,12,A152,4,A172,1,2,A141,A93,A75,4,A123,A40,A61,A12,1,A101,A201,0,1
223,1,1108,A30,12,A152,4,A173,2,1,A143,A93,A74,3,A121,A45,A61,A11,1,A101,A201,0,1
224,1,484,A32,6,A152,3,A172,1,1,A141,A94,A74,3,A121,A43,A61,A12,1,A103,A201,1,1
225,0,1275,A32,10,A152,4,A173,1,1,A143,A92,A72,2,A122,A42,A61,A13,1,A101,A201,1,0
226,1,3527,A32,12,A152,2,A174,1,2,A143,A93,A72,3,A122,A40,A65,A14,0,A101,A201,1,1
227,1,7393,A32,24,A152,1,A172,1,2,A143,A93,A73,4,A122,A40,A61,A14,1,A101,A201,1,1
228,1,2728,A34,15,A152,4,A173,3,1,A141,A93,A74,2,A121,A43,A65,A12,0,A103,A201,1,1
229,1,250,A34,6,A152,2,A172,2,1,A141,A92,A73,2,A121,A40,A64,A14,1,A101,A201,1,1
230,1,5045,A34,15,A152,1,A173,1,1,A143,A92,A75,4,A123,A40,A65,A14,0,A101,A201,1,1
231,1,3079,A32,36,A152,4,A173,1,1,A143,A93,A73,4,A121,A40,A65,A14,1,A101,A201,1,1
232,1,2825,A34,24,A152,4,A173,2,2,A143,A93,A74,3,A124,A49,A65,A12,0,A101,A201,1,1
233,1,1224,A34,9,A152,3,A173,2,1,A143,A93,A73,1,A121,A40,A61,A14,1,A101,A201,1,1
234,1,860,A34,6,A152,1,A173,2,1,A143,A92,A75,4,A124,A40,A61,A11,0,A101,A201,1,1
235,1,6070,A34,18,A152,3,A173,2,1,A143,A93,A75,4,A123,A43,A61,A14,0,A101,A201,1,1
236,1,6204,A33,18,A152,2,A172,1,2,A143,A93,A73,4,A121,A45,A61,A12,0,A101,A201,1,1
237,1,5433,A32,24,A151,2,A174,1,1,A143,A92,A71,4,A122,A41,A65,A14,0,A101,A201,1,1
238,0,458,A32,9,A152,4,A173,1,1,A143,A93,A73,3,A121,A43,A61,A12,1,A101,A201,1,0
239,1,4241,A30,24,A152,1,A172,3,1,A143,A93,A73,4,A121,A49,A61,A12,0,A101,A201,0,1
240,1,3620,A32,36,A152,1,A173,1,2,A143,A93,A73,2,A122,A42,A61,A11,1,A103,A201,1,1
241,1,8386,A34,30,A152,2,A173,1,1,A143,A93,A74,2,A122,A42,A61,A12,1,A101,A201,0,1
242,1,1913,A32,18,A152,3,A173,1,1,A141,A94,A72,3,A121,A49,A64,A12,0,A101,A201,1,1
243,1,654,A32,9,A152,4,A172,1,1,A143,A93,A73,3,A123,A40,A61,A11,1,A101,A201,0,1
244,1,2384,A32,36,A151,4,A172,1,1,A143,A93,A72,1,A124,A45,A61,A12,1,A101,A201,0,1
245,1,8086,A33,36,A152,2,A174,4,1,A143,A93,A75,4,A123,A40,A62,A12,0,A101,A201,0,1
246,1,3652,A34,21,A152,2,A173,2,1,A143,A93,A74,3,A122,A49,A61,A12,1,A101,A201,1,1
247,1,5800,A34,36,A152,3,A173,2,1,A143,A93,A73,4,A123,A41,A61,A12,0,A101,A201,1,1
248,1,2964,A32,24,A153,4,A173,1,2,A141,A93,A75,4,A124,A41,A65,A11,0,A101,A201,1,1
249,1,10127,A34,48,A153,2,A173,1,1,A141,A93,A73,2,A124,A40,A63,A14,1,A101,A201,0,1
250,1,708,A32,12,A152,2,A172,1,2,A143,A93,A73,3,A122,A42,A61,A11,1,A103,A201,1,1
251,1,4006,A32,28,A152,3,A172,1,1,A143,A93,A73,2,A123,A40,A61,A11,1,A101,A201,0,1
252,0,1138,A34,9,A152,4,A172,2,1,A143,A93,A73,4,A121,A43,A61,A11,1,A101,A201,1,0
253,1,1595,A32,6,A152,3,A173,1,2,A143,A93,A74,2,A122,A43,A61,A14,1,A101,A201,1,1
254,1,343,A32,6,A152,4,A173,1,1,A143,A92,A72,1,A121,A44,A61,A11,1,A101,A201,1,1
255,1,959,A32,9,A152,1,A173,1,1,A143,A92,A73,2,A123,A42,A61,A12,1,A101,A202,0,1
256,1,2375,A33,24,A152,4,A173,2,2,A143,A93,A73,2,A123,A49,A63,A14,0,A101,A201,1,1
257,1,2273,A32,36,A152,3,A173,2,2,A143,A93,A74,1,A123,A46,A61,A12,1,A101,A201,1,1
258,0,9629,A34,36,A152,4,A173,2,1,A143,A93,A74,4,A123,A41,A61,A11,0,A101,A201,0,0
259,1,629,A34,18,A152,4,A174,2,1,A141,A93,A75,3,A122,A43,A63,A14,0,A101,A201,1,1
260,0,1858,A32,12,A151,4,A173,1,1,A143,A92,A72,1,A123,A42,A61,A11,1,A101,A201,1,0
261,0,1297,A32,12,A151,3,A173,1,1,A143,A94,A73,4,A121,A43,A61,A13,1,A101,A201,1,0
262,1,9398,A32,36,A151,1,A174,1,1,A143,A94,A72,4,A123,A41,A61,A12,0,A101,A201,0,1
263,1,947,A32,24,A153,4,A173,1,2,A141,A93,A74,3,A124,A40,A61,A13,1,A101,A201,0,1
264,1,1963,A32,12,A151,4,A174,2,2,A143,A93,A74,2,A123,A43,A61,A14,0,A101,A201,1,1
265,1,426,A30,6,A152,4,A172,1,1,A143,A94,A75,4,A123,A43,A61,A14,1,A101,A201,1,1
266,1,1437,A31,9,A152,2,A173,1,1,A143,A93,A74,3,A124,A40,A62,A12,1,A101,A201,0,1
267,0,2030,A32,9,A152,2,A173,1,1,A143,A93,A74,1,A123,A42,A65,A12,0,A101,A201,1,0
268,1,1474,A32,24,A152,4,A173,1,1,A143,A94,A72,3,A121,A40,A62,A14,0,A101,A201,1,1
269,0,3509,A32,18,A152,4,A173,1,1,A143,A92,A74,1,A121,A43,A61,A11,1,A103,A201,1,0
270,1,1282,A32,24,A152,4,A172,1,1,A143,A92,A73,2,A123,A43,A62,A11,1,A101,A201,0,1
271,0,1295,A32,12,A151,3,A173,1,1,A143,A92,A72,1,A123,A40,A61,A12,1,A101,A201,0,0
272,1,3804,A30,36,A152,4,A173,1,1,A143,A92,A73,1,A123,A43,A61,A12,0,A101,A201,0,1
273,1,8335,A32,36,A153,3,A173,1,1,A143,A93,A75,4,A124,A41,A65,A11,1,A101,A201,0,1
274,0,1498,A32,12,A152,4,A173,1,1,A141,A92,A73,1,A123,A43,A61,A11,1,A101,A201,1,0
275,1,4455,A33,36,A152,2,A174,2,1,A142,A91,A73,2,A121,A49,A61,A12,0,A101,A201,0,1
276,1,1837,A31,24,A153,4,A172,1,1,A141,A92,A74,4,A124,A46,A61,A12,1,A101,A201,0,1
277,1,4020,A32,24,A152,2,A173,1,1,A142,A93,A73,2,A123,A42,A61,A11,1,A101,A201,1,1
278,1,2901,A32,10,A151,1,A173,1,1,A143,A92,A72,4,A121,A41,A65,A14,1,A101,A201,1,1
279,1,2181,A34,30,A152,4,A173,2,1,A143,A93,A75,4,A121,A40,A65,A12,1,A101,A201,1,1
280,0,433,A32,18,A151,3,A173,1,1,A143,A92,A71,4,A121,A43,A61,A14,1,A102,A201,0,0
281,1,5150,A34,24,A152,4,A173,1,1,A143,A93,A75,4,A123,A42,A61,A14,0,A101,A201,1,1
282,1,7119,A30,48,A153,3,A173,2,2,A143,A93,A73,4,A124,A42,A61,A11,1,A101,A201,0,1
283,1,1047,A34,6,A152,2,A172,1,1,A143,A92,A73,4,A122,A46,A61,A13,1,A101,A201,1,1
284,1,1543,A32,6,A152,4,A173,1,1,A143,A91,A73,2,A121,A42,A64,A14,1,A101,A201,1,1
285,1,1743,A33,6,A152,1,A172,2,1,A143,A93,A73,2,A121,A49,A62,A14,1,A101,A201,1,1
286,1,518,A32,6,A152,3,A173,1,1,A143,A92,A73,1,A121,A43,A61,A14,1,A101,A201,1,1
287,1,6948,A32,36,A151,2,A174,1,1,A143,A93,A73,2,A123,A41,A61,A12,0,A101,A201,1,1
288,0,2473,A32,18,A152,4,A171,1,1,A143,A93,A71,1,A123,A42,A61,A11,1,A101,A201,0,0
289,1,10477,A34,36,A153,2,A173,2,1,A143,A93,A75,4,A124,A41,A65,A14,1,A101,A201,1,1
290,1,7476,A32,48,A153,4,A174,1,1,A143,A93,A74,1,A124,A46,A61,A11,0,A101,A201,1,1
291,1,1374,A32,6,A152,4,A174,1,1,A143,A92,A71,3,A122,A40,A65,A11,0,A101,A201,1,1
292,1,5190,A32,27,A152,4,A173,4,2,A143,A93,A75,4,A122,A45,A65,A14,0,A101,A201,1,1
293,1,1103,A32,12,A152,4,A173,2,1,A143,A93,A74,3,A121,A43,A61,A12,1,A103,A202,1,1
294,1,2753,A32,9,A152,3,A173,1,1,A143,A93,A75,4,A123,A43,A62,A14,0,A102,A201,1,1
295,1,3939,A34,11,A152,1,A172,2,2,A143,A93,A73,2,A121,A40,A61,A11,1,A101,A201,1,1
296,1,3386,A32,12,A153,3,A173,1,1,A143,A93,A75,4,A124,A41,A61,A11,0,A101,A201,0,1
297,1,1422,A32,9,A153,3,A174,1,1,A143,A93,A72,2,A124,A40,A61,A11,0,A101,A201,0,1
298,0,1534,A32,12,A151,1,A173,1,1,A143,A94,A72,1,A121,A43,A61,A12,1,A101,A201,0,0
299,1,7814,A32,24,A152,3,A174,1,1,A143,A93,A74,3,A123,A41,A61,A14,0,A101,A201,1,1
300,1,950,A30,15,A151,4,A173,2,2,A143,A93,A75,3,A123,A40,A61,A11,1,A101,A201,0,1
301,1,1244,A34,9,A151,4,A172,2,1,A143,A92,A75,4,A122,A46,A65,A14,1,A101,A201,1,1
302,0,8072,A30,30,A152,2,A173,3,1,A141,A93,A72,3,A123,A49,A65,A11,1,A101,A201,1,0
303,1,2712,A32,36,A152,2,A173,1,2,A141,A93,A75,2,A122,A42,A61,A11,1,A101,A201,0,1
304,1,1474,A32,12,A152,4,A174,1,1,A141,A92,A72,1,A122,A42,A61,A13,0,A101,A201,1,1
305,1,1795,A34,18,A151,3,A172,2,1,A141,A92,A75,4,A121,A43,A61,A12,0,A103,A201,1,1
306,1,2760,A32,24,A153,4,A173,1,1,A141,A93,A75,4,A124,A41,A65,A12,0,A101,A201,1,1
307,1,7057,A33,20,A151,3,A174,2,2,A141,A93,A74,4,A122,A41,A65,A12,0,A101,A201,1,1
308,1,2662,A32,18,A152,4,A173,1,1,A143,A93,A74,3,A122,A40,A65,A14,1,A101,A202,1,1
309,0,2145,A33,36,A152,2,A173,2,1,A143,A93,A74,1,A123,A49,A61,A11,0,A101,A201,0,0
310,1,1169,A34,18,A152,4,A173,2,1,A143,A93,A73,3,A122,A43,A65,A14,0,A101,A201,1,1
311,1,1287,A34,24,A152,4,A173,2,1,A143,A92,A75,4,A121,A40,A64,A14,0,A101,A201,1,1
312,1,750,A32,18,A152,4,A171,1,1,A143,A92,A71,1,A121,A46,A61,A11,1,A101,A201,0,1
313,1,1559,A31,24,A152,4,A173,1,1,A141,A93,A74,4,A123,A49,A61,A14,0,A101,A201,1,1
314,1,790,A32,9,A152,4,A172,1,1,A143,A92,A73,3,A121,A43,A63,A12,1,A101,A201,1,1
315,1,3062,A32,24,A151,4,A173,1,1,A143,A93,A75,3,A124,A42,A63,A14,0,A101,A201,1,1
316,1,1530,A34,18,A152,3,A173,2,1,A141,A93,A73,2,A122,A40,A61,A14,1,A101,A201,0,1
317,0,1808,A33,18,A152,4,A173,1,1,A143,A92,A74,1,A121,A42,A61,A14,1,A101,A201,0,0
318,1,1935,A34,12,A152,4,A173,3,1,A143,A93,A75,4,A121,A42,A61,A14,0,A101,A201,1,1
319,1,12169,A31,48,A153,4,A174,1,1,A143,A93,A71,4,A124,A40,A65,A12,0,A102,A201,1,1
320,0,2828,A31,24,A152,4,A173,1,1,A142,A93,A73,4,A121,A42,A63,A11,0,A101,A201,1,0
321,0,7855,A34,36,A152,4,A173,2,1,A142,A92,A73,2,A121,A40,A61,A14,0,A101,A201,0,0
322,1,1503,A33,12,A151,4,A173,1,1,A143,A94,A73,4,A121,A41,A61,A14,1,A101,A201,1,1
323,1,3844,A30,48,A153,4,A172,1,2,A143,A93,A74,4,A124,A49,A62,A12,1,A101,A201,0,1
324,1,1113,A32,18,A152,4,A172,1,2,A143,A92,A73,4,A121,A43,A61,A12,1,A103,A201,1,1
325,1,2745,A34,21,A152,3,A173,2,1,A143,A93,A74,2,A123,A42,A64,A12,0,A101,A201,1,1
326,1,1123,A32,12,A151,4,A172,1,1,A143,A92,A73,4,A123,A42,A63,A14,1,A101,A201,0,1
327,0,3763,A32,21,A152,2,A172,1,1,A143,A93,A74,2,A121,A40,A65,A11,1,A102,A202,1,0
328,1,4042,A34,24,A152,3,A173,2,1,A143,A93,A74,4,A122,A41,A65,A14,0,A101,A201,1,1
329,0,3105,A32,24,A152,4,A173,2,1,A143,A93,A72,2,A123,A43,A65,A14,1,A101,A201,1,0
330,0,3617,A34,24,A151,4,A173,2,1,A143,A93,A75,4,A124,A42,A65,A13,1,A102,A201,1,0
331,1,3609,A31,48,A152,1,A173,1,1,A142,A92,A73,1,A121,A49,A61,A14,1,A101,A201,1,1
332,1,2390,A32,12,A152,4,A173,1,1,A143,A93,A75,3,A123,A40,A65,A14,0,A101,A201,1,1
333,1,2359,A32,24,A152,1,A173,1,1,A143,A91,A71,1,A122,A42,A62,A11,1,A101,A201,0,1
334,1,1881,A32,12,A151,2,A172,1,1,A143,A92,A73,2,A123,A43,A61,A13,0,A101,A201,1,1
335,1,1262,A32,12,A152,2,A172,1,1,A143,A91,A75,4,A122,A42,A65,A11,0,A101,A201,1,1
336,1,1193,A31,24,A151,1,A171,2,1,A143,A92,A71,4,A124,A40,A61,A11,1,A102,A201,0,1
337,0,8065,A34,36,A152,3,A174,2,1,A143,A92,A73,2,A124,A46,A61,A11,0,A101,A201,0,0
338,0,2762,A32,12,A152,1,A173,1,1,A141,A92,A75,2,A122,A42,A65,A12,0,A101,A201,0,0
339,1,3331,A34,12,A152,2,A173,1,1,A142,A93,A75,4,A122,A42,A61,A14,1,A101,A201,1,1
340,1,2251,A32,12,A152,1,A172,1,1,A143,A92,A73,2,A123,A42,A61,A13,1,A101,A201,1,1
341,1,2320,A33,18,A152,2,A173,2,1,A143,A94,A71,3,A121,A43,A61,A14,1,A101,A201,1,1
342,1,3949,A32,10,A152,1,A172,1,2,A143,A93,A72,1,A122,A40,A61,A13,1,A103,A201,1,1
343,1,2600,A32,18,A153,4,A173,2,1,A143,A93,A73,4,A124,A43,A61,A11,1,A101,A201,0,1
344,1,3195,A32,9,A152,1,A172,1,1,A143,A92,A73,2,A121,A40,A65,A12,1,A101,A201,1,1
345,1,3357,A32,21,A152,4,A173,1,1,A141,A92,A72,2,A123,A43,A64,A11,1,A101,A201,1,1
346,0,5743,A34,24,A153,2,A173,2,1,A143,A92,A72,4,A124,A46,A61,A12,0,A101,A201,1,0
347,1,2799,A34,9,A151,2,A173,2,2,A143,A93,A73,2,A121,A40,A61,A11,1,A101,A201,1,1
348,1,4351,A32,24,A152,1,A172,1,1,A143,A92,A73,4,A122,A42,A65,A12,0,A101,A201,1,1
349,1,1715,A32,30,A152,4,A173,1,1,A143,A92,A73,1,A123,A43,A65,A12,1,A101,A201,1,1
350,1,1979,A32,15,A152,4,A173,1,1,A143,A93,A75,2,A123,A43,A65,A14,1,A101,A201,1,1
351,1,2319,A34,21,A151,2,A173,1,1,A143,A91,A72,1,A123,A46,A61,A13,1,A101,A201,0,1
352,1,976,A34,12,A152,4,A173,2,1,A143,A93,A75,4,A123,A43,A65,A14,1,A101,A201,1,1
353,1,4679,A33,24,A152,3,A172,2,1,A143,A93,A74,3,A123,A41,A61,A14,0,A101,A201,1,1
354,1,2577,A32,12,A152,2,A173,1,1,A143,A91,A73,1,A123,A42,A61,A11,1,A101,A201,1,1
355,1,7485,A31,30,A152,4,A174,1,1,A141,A92,A71,1,A121,A41,A65,A14,0,A101,A201,0,1
356,1,1591,A33,21,A152,4,A174,2,1,A143,A93,A74,3,A121,A42,A62,A14,1,A101,A201,1,1
357,0,2101,A32,13,A152,2,A172,1,1,A143,A92,A72,4,A122,A43,A61,A12,1,A103,A201,1,0
358,1,4463,A33,36,A152,4,A174,2,1,A143,A93,A73,2,A123,A43,A61,A14,0,A101,A201,0,1
359,1,754,A32,12,A152,4,A173,2,1,A143,A93,A75,4,A122,A48,A65,A12,1,A101,A201,1,1
360,1,2292,A34,12,A152,4,A174,2,1,A142,A93,A71,2,A123,A49,A61,A14,0,A101,A201,0,1
361,1,2528,A32,27,A152,4,A173,1,2,A143,A92,A72,1,A122,A49,A61,A12,0,A101,A201,1,1
362,0,976,A32,18,A152,1,A172,1,1,A143,A92,A72,2,A123,A40,A61,A11,1,A101,A201,0,0
363,1,5381,A32,48,A153,3,A171,1,1,A141,A93,A71,4,A124,A410,A65,A12,0,A101,A201,1,1
364,1,1136,A34,9,A153,4,A173,2,2,A143,A93,A75,3,A124,A46,A64,A12,1,A101,A201,0,1
365,0,392,A32,15,A151,4,A173,1,1,A143,A92,A72,4,A122,A46,A61,A13,0,A101,A201,1,0
366,1,683,A33,6,A152,2,A173,1,1,A141,A92,A72,1,A122,A43,A61,A13,1,A101,A201,1,1
367,0,2570,A32,27,A151,3,A173,1,1,A143,A92,A73,3,A121,A40,A61,A14,1,A101,A201,0,0
368,1,14318,A32,36,A153,4,A174,1,1,A143,A93,A75,2,A124,A40,A61,A12,0,A101,A201,0,1
369,1,4057,A32,24,A152,3,A173,1,1,A143,A91,A74,3,A123,A42,A61,A12,0,A101,A201,0,1
370,0,874,A32,15,A152,4,A173,1,1,A143,A92,A72,1,A121,A44,A65,A14,1,A101,A201,1,0
371,1,1555,A33,12,A153,4,A173,2,2,A143,A93,A75,4,A124,A45,A64,A14,1,A101,A201,0,1
372,1,3976,A32,21,A152,2,A173,1,1,A143,A93,A74,3,A123,A42,A65,A12,0,A101,A201,1,1
373,1,1402,A34,12,A151,3,A173,1,1,A143,A92,A74,4,A123,A42,A63,A14,0,A101,A201,1,1
374,0,3213,A32,18,A151,1,A173,1,1,A143,A94,A72,3,A121,A43,A63,A12,1,A101,A201,1,0
375,0,1514,A32,15,A152,4,A173,1,1,A143,A93,A73,2,A121,A45,A62,A12,1,A103,A201,1,0
376,1,4594,A32,18,A152,3,A173,1,1,A143,A93,A72,2,A123,A43,A61,A14,0,A101,A201,1,1
377,1,2872,A34,24,A152,3,A173,1,2,A143,A93,A75,4,A121,A43,A62,A14,0,A101,A201,1,1
378,1,1308,A32,15,A152,4,A172,2,1,A143,A93,A75,4,A123,A45,A61,A12,1,A101,A201,1,1
379,1,717,A33,24,A152,4,A173,2,1,A143,A94,A75,4,A123,A40,A65,A14,0,A101,A201,1,1
380,1,3017,A34,30,A152,4,A173,1,1,A143,A93,A75,4,A122,A43,A61,A13,1,A101,A201,1,1
381,1,2406,A34,9,A152,2,A174,1,1,A143,A93,A71,3,A123,A42,A61,A14,1,A101,A201,1,1
382,1,3535,A34,36,A152,4,A173,2,1,A143,A93,A74,4,A123,A40,A61,A14,0,A101,A201,1,1
383,1,1175,A34,16,A153,2,A171,3,1,A143,A93,A71,3,A123,A40,A61,A12,0,A101,A201,1,1
384,1,3060,A32,48,A152,4,A173,2,1,A143,A93,A74,4,A121,A43,A61,A12,1,A101,A201,0,1
385,0,1200,A32,12,A151,4,A173,1,1,A141,A92,A73,4,A122,A46,A65,A11,0,A101,A201,1,0
386,1,3518,A32,6,A151,2,A173,1,1,A143,A93,A73,3,A122,A40,A61,A14,1,A103,A201,1,1
387,1,1721,A32,15,A152,2,A173,1,1,A143,A93,A72,3,A121,A40,A61,A11,1,A101,A201,1,1
388,1,3051,A32,48,A152,3,A173,1,1,A143,A93,A73,4,A123,A44,A61,A11,1,A101,A201,0,1
389,1,1505,A32,18,A153,4,A174,1,1,A143,A93,A73,2,A124,A43,A61,A14,0,A101,A201,1,1
390,0,1313,A32,9,A152,1,A173,1,1,A143,A93,A75,4,A123,A42,A61,A14,1,A101,A201,1,0
391,1,1501,A34,9,A152,2,A174,2,1,A143,A92,A75,3,A123,A46,A61,A12,0,A101,A201,0,1
392,1,2848,A32,10,A152,1,A173,1,2,A143,A93,A73,2,A121,A41,A62,A14,1,A102,A201,1,1
393,1,1264,A34,12,A151,4,A172,1,1,A143,A93,A75,4,A124,A49,A65,A14,1,A101,A201,1,1
394,1,1344,A34,24,A152,4,A172,2,2,A141,A93,A74,2,A121,A40,A65,A13,1,A101,A201,0,1
395,1,730,A34,7,A151,4,A172,2,1,A143,A93,A75,2,A122,A43,A65,A14,0,A101,A201,1,1
396,1,1221,A34,6,A152,1,A173,2,1,A143,A94,A73,2,A122,A42,A65,A14,1,A101,A201,1,1
397,1,2326,A34,15,A152,2,A173,1,1,A141,A93,A73,4,A123,A49,A63,A12,1,A101,A201,1,1
398,1,1274,A32,12,A152,3,A172,1,1,A143,A92,A72,1,A121,A40,A61,A11,1,A101,A201,0,1
399,1,6614,A34,36,A152,4,A174,2,1,A143,A93,A75,4,A123,A40,A61,A14,0,A101,A201,1,1
400,1,3148,A34,24,A152,3,A173,2,1,A143,A93,A73,2,A123,A43,A65,A13,0,A101,A201,1,1
401,1,795,A32,12,A152,4,A173,1,1,A143,A92,A72,4,A122,A46,A61,A11,1,A101,A201,0,1
402,1,1544,A34,4,A152,2,A172,3,2,A143,A93,A74,1,A121,A43,A61,A14,1,A101,A201,1,1
403,1,1924,A32,10,A152,1,A173,1,1,A143,A93,A73,4,A122,A43,A61,A14,0,A101,A202,1,1
404,1,3104,A30,18,A152,3,A173,1,1,A141,A93,A74,1,A122,A49,A61,A11,0,A101,A201,1,1
405,1,3398,A34,8,A152,1,A172,2,1,A143,A93,A74,4,A121,A40,A61,A11,1,A101,A202,1,1
406,1,2325,A31,24,A152,2,A173,1,1,A141,A93,A74,3,A123,A40,A62,A11,1,A101,A201,1,1
407,1,1965,A33,24,A151,4,A173,2,1,A143,A92,A73,4,A123,A40,A65,A12,0,A101,A201,1,1
408,1,3660,A32,24,A152,2,A173,1,1,A143,A92,A73,4,A123,A43,A61,A11,1,A101,A201,1,1
409,0,2520,A34,27,A152,4,A172,2,1,A143,A93,A73,2,A122,A43,A63,A12,1,A101,A201,0,0
410,1,3029,A32,15,A152,2,A173,1,1,A143,A93,A74,2,A123,A41,A61,A14,1,A101,A201,1,1
411,1,8858,A34,48,A153,2,A173,2,1,A143,A93,A74,1,A124,A41,A65,A14,0,A101,A201,1,1
412,1,1473,A32,18,A152,3,A173,1,1,A143,A94,A72,4,A121,A43,A61,A14,0,A101,A201,1,1
413,1,2503,A33,30,A152,4,A173,2,1,A142,A93,A75,2,A122,A49,A62,A12,1,A101,A201,1,1
414,1,5084,A32,24,A152,2,A173,1,1,A143,A92,A75,4,A123,A43,A65,A12,0,A101,A201,1,1
415,1,5866,A32,18,A152,2,A173,2,1,A143,A93,A73,2,A123,A40,A62,A12,0,A101,A201,1,1
416,1,3114,A30,18,A151,1,A173,1,1,A143,A92,A72,4,A122,A42,A61,A11,1,A101,A201,0,1
417,1,4844,A32,48,A151,3,A174,1,1,A141,A93,A71,2,A123,A49,A61,A14,0,A101,A201,0,1
418,1,6314,A34,24,A152,4,A174,2,1,A141,A93,A71,2,A124,A410,A61,A14,0,A102,A201,1,1
419,1,707,A32,12,A152,4,A173,2,1,A141,A93,A73,2,A121,A43,A61,A14,1,A101,A201,1,1
420,1,1028,A34,18,A152,4,A173,2,1,A143,A92,A73,3,A121,A40,A61,A14,1,A101,A201,1,1
421,1,409,A31,12,A151,3,A173,2,1,A143,A92,A73,3,A121,A43,A64,A13,1,A101,A201,1,1
422,1,2859,A32,12,A152,4,A174,1,1,A143,A93,A71,4,A124,A40,A65,A14,0,A101,A201,1,1
423,0,1283,A32,22,A151,4,A173,1,1,A143,A92,A74,4,A122,A40,A65,A14,1,A101,A201,1,0
424,1,1526,A34,12,A153,4,A174,2,1,A143,A93,A75,4,A124,A41,A61,A11,1,A101,A201,1,1
425,1,2862,A33,36,A153,4,A173,1,1,A143,A93,A75,3,A124,A40,A62,A12,1,A101,A201,1,1
426,1,1381,A32,24,A152,4,A173,1,1,A143,A92,A73,2,A122,A40,A65,A11,1,A101,A201,0,1
427,1,9572,A33,36,A152,1,A173,2,1,A143,A91,A72,1,A123,A49,A61,A14,1,A101,A201,0,1
428,1,3349,A32,36,A152,4,A174,1,1,A143,A92,A73,2,A123,A42,A61,A14,0,A101,A201,0,1
429,0,1800,A34,18,A152,4,A173,2,1,A143,A93,A73,2,A123,A43,A61,A14,1,A101,A201,1,0
430,1,930,A34,12,A152,4,A173,4,1,A143,A93,A75,4,A121,A43,A65,A14,1,A101,A201,1,1
431,1,7238,A33,48,A152,3,A173,2,2,A141,A93,A75,3,A123,A43,A65,A14,1,A101,A201,1,1
432,1,3160,A32,21,A152,4,A173,1,1,A143,A93,A75,3,A122,A43,A65,A14,0,A101,A201,1,1
433,0,3488,A32,24,A152,3,A173,1,1,A143,A92,A74,4,A123,A41,A62,A14,1,A101,A201,1,0
434,1,2255,A32,24,A152,4,A173,1,1,A143,A93,A72,1,A122,A40,A65,A14,1,A101,A201,1,1
435,1,2142,A32,11,A152,1,A173,1,1,A143,A91,A75,2,A121,A49,A64,A14,0,A101,A201,1,1
436,1,2576,A32,7,A152,2,A173,1,1,A143,A93,A73,2,A121,A43,A61,A12,1,A103,A201,1,1
437,1,1736,A32,12,A152,3,A172,1,1,A143,A92,A74,4,A121,A42,A61,A14,1,A101,A201,1,1
438,1,2751,A34,48,A152,4,A173,2,2,A143,A93,A75,3,A123,A41,A65,A14,0,A101,A201,1,1
439,1,3235,A32,24,A152,3,A174,1,1,A143,A91,A75,2,A123,A43,A63,A14,0,A101,A201,1,1
440,1,385,A34,12,A152,4,A172,4,1,A143,A92,A74,3,A121,A43,A61,A11,0,A101,A201,1,1
441,1,2679,A32,24,A152,4,A174,1,1,A143,A92,A72,1,A124,A41,A61,A14,0,A101,A201,1,1
442,1,7174,A32,42,A152,4,A174,1,1,A143,A92,A74,3,A123,A43,A65,A11,0,A101,A201,0,1
443,1,1478,A33,15,A152,4,A173,2,1,A141,A94,A73,3,A121,A43,A61,A14,1,A101,A201,1,1
444,0,1433,A34,15,A151,4,A173,2,1,A143,A92,A73,3,A122,A42,A61,A11,1,A101,A201,1,0
445,0,7408,A32,60,A152,4,A174,1,1,A143,A92,A72,2,A122,A40,A62,A12,1,A101,A201,0,0
446,1,3244,A30,18,A152,1,A173,2,1,A141,A92,A73,4,A123,A42,A61,A12,0,A101,A201,1,1
447,0,836,A32,12,A152,4,A172,1,1,A141,A92,A72,2,A122,A40,A62,A12,1,A101,A201,0,0
448,1,6224,A33,48,A153,4,A173,1,1,A143,A93,A75,4,A124,A46,A61,A12,1,A101,A201,0,1
449,1,1053,A32,15,A152,4,A173,1,1,A143,A94,A72,2,A121,A43,A61,A11,1,A101,A202,1,1
450,1,4526,A34,27,A152,4,A172,2,2,A142,A93,A72,2,A121,A42,A64,A14,0,A101,A201,1,1
451,1,1412,A34,12,A152,4,A174,2,1,A143,A92,A73,2,A121,A49,A61,A14,0,A103,A201,1,1
452,1,10623,A34,30,A153,3,A174,3,2,A143,A93,A75,4,A124,A41,A61,A11,0,A101,A201,1,1
453,1,2759,A30,12,A152,2,A173,2,1,A143,A93,A75,4,A122,A42,A61,A14,1,A101,A201,1,1
454,1,428,A32,6,A152,2,A173,1,1,A141,A92,A75,1,A122,A42,A61,A11,0,A101,A201,1,1
455,1,6416,A31,48,A151,4,A173,1,1,A143,A92,A75,3,A124,A49,A61,A12,1,A101,A201,0,1
456,0,2991,A32,30,A152,2,A173,1,1,A143,A92,A75,4,A123,A43,A65,A12,1,A101,A201,1,0
457,1,2835,A32,24,A152,3,A173,1,1,A143,A93,A75,4,A122,A42,A63,A14,1,A101,A201,1,1
458,1,2670,A32,24,A152,4,A174,1,1,A143,A93,A75,4,A123,A41,A61,A14,0,A101,A201,1,1
459,1,1743,A34,24,A152,4,A172,2,1,A143,A93,A75,2,A122,A43,A61,A12,1,A101,A201,1,1
460,0,433,A31,6,A151,4,A173,1,2,A141,A92,A72,2,A122,A46,A64,A12,1,A101,A201,0,0
461,1,2687,A32,15,A151,2,A173,1,1,A143,A93,A74,4,A122,A49,A61,A13,0,A101,A201,1,1
462,1,5302,A34,18,A153,2,A174,3,1,A143,A93,A75,4,A124,A40,A61,A11,0,A101,A201,1,1
463,1,6313,A32,24,A152,3,A174,1,2,A143,A93,A75,4,A123,A41,A65,A14,0,A101,A201,1,1
464,1,2767,A32,21,A151,4,A172,2,1,A141,A91,A75,2,A123,A49,A62,A12,1,A101,A201,0,1
465,1,2957,A34,24,A152,4,A173,2,1,A143,A93,A75,4,A122,A41,A61,A11,0,A101,A201,1,1
466,1,884,A34,18,A152,4,A173,1,2,A141,A93,A75,4,A123,A40,A61,A12,0,A101,A201,0,1
467,0,601,A32,4,A151,1,A172,1,2,A143,A92,A72,3,A121,A42,A61,A14,1,A101,A201,1,0
468,0,1936,A32,18,A151,2,A172,2,1,A143,A94,A74,4,A123,A43,A65,A11,1,A101,A201,1,0
469,1,1245,A34,18,A152,4,A173,1,1,A143,A94,A73,2,A123,A43,A61,A12,1,A101,A201,0,1
470,0,4308,A32,48,A151,3,A173,1,1,A143,A92,A72,4,A122,A49,A61,A11,1,A101,A201,0,0
471,1,2331,A34,12,A152,1,A173,1,1,A143,A93,A75,4,A121,A43,A65,A14,0,A102,A201,1,1
472,1,339,A31,12,A152,4,A172,1,1,A141,A94,A75,1,A123,A48,A61,A11,1,A101,A201,1,1
473,1,11938,A34,24,A152,2,A174,2,2,A143,A93,A73,3,A123,A410,A61,A12,0,A102,A201,0,1
474,0,652,A32,12,A151,4,A173,1,1,A143,A92,A75,4,A122,A42,A61,A11,1,A101,A201,1,0
475,1,1024,A33,24,A152,4,A173,1,1,A142,A94,A72,4,A121,A43,A61,A11,1,A101,A201,0,1
476,0,999,A32,24,A152,4,A173,2,1,A143,A93,A75,2,A123,A43,A65,A14,1,A101,A201,1,0
477,1,1377,A32,24,A153,4,A173,1,1,A143,A92,A75,2,A124,A43,A62,A13,0,A101,A201,1,1
478,0,8471,A33,18,A151,1,A173,2,1,A143,A92,A73,2,A123,A46,A65,A11,0,A101,A201,1,0
479,1,2522,A32,30,A152,1,A173,1,2,A143,A93,A75,3,A122,A43,A61,A11,1,A103,A201,1,1
480,1,915,A32,24,A152,4,A173,1,1,A141,A92,A75,2,A123,A40,A65,A11,1,A101,A201,0,1
481,0,1049,A34,18,A151,4,A173,1,1,A143,A92,A72,4,A122,A42,A61,A11,1,A101,A201,1,0
482,0,276,A32,9,A151,4,A172,1,1,A143,A94,A73,4,A121,A40,A61,A12,1,A101,A201,1,0
483,1,1164,A34,8,A153,3,A174,2,2,A141,A93,A75,4,A124,A410,A61,A11,0,A101,A201,1,1
484,0,5152,A32,24,A152,4,A173,1,1,A141,A93,A74,2,A123,A43,A61,A13,1,A101,A201,1,0
485,1,1055,A34,18,A152,4,A173,2,1,A143,A92,A72,1,A122,A40,A61,A14,1,A101,A201,1,1
486,1,1453,A32,18,A152,3,A173,1,1,A143,A92,A72,1,A121,A43,A61,A14,1,A101,A201,1,1
487,1,2329,A32,7,A152,1,A173,1,1,A143,A92,A72,1,A121,A43,A61,A12,1,A103,A201,1,1
488,0,2569,A32,39,A152,4,A173,1,1,A143,A93,A73,4,A123,A41,A63,A14,1,A101,A201,1,0
489,1,1056,A34,18,A152,3,A173,2,1,A141,A93,A75,3,A121,A40,A61,A12,1,A103,A201,0,1
490,0,1766,A32,6,A151,1,A173,1,1,A143,A94,A73,2,A122,A42,A61,A14,1,A101,A201,1,0
491,1,8318,A30,27,A153,2,A174,2,1,A143,A92,A75,4,A124,A49,A61,A12,0,A101,A201,0,1
492,1,2299,A32,36,A152,4,A173,1,1,A143,A93,A75,4,A123,A43,A63,A14,1,A101,A201,1,1
493,1,5493,A32,36,A153,2,A173,1,2,A143,A93,A75,4,A124,A41,A61,A11,1,A101,A201,1,1
494,1,2896,A32,24,A152,2,A173,1,1,A143,A93,A72,1,A123,A43,A62,A12,1,A101,A201,1,1
495,1,7432,A33,36,A151,2,A173,1,1,A143,A92,A73,2,A122,A40,A61,A12,1,A101,A201,1,1
496,1,1542,A32,12,A152,2,A173,1,1,A143,A93,A74,4,A123,A49,A61,A14,0,A101,A201,1,1
497,1,2073,A32,12,A152,4,A173,1,1,A143,A92,A73,2,A121,A43,A62,A14,1,A102,A201,1,1
498,1,2812,A32,24,A151,2,A173,1,1,A143,A92,A75,4,A121,A41,A65,A11,1,A101,A201,1,1
499,1,1659,A33,24,A151,4,A172,1,1,A143,A92,A72,2,A123,A43,A61,A11,0,A101,A201,0,1
500,1,2579,A32,12,A152,4,A172,1,2,A143,A93,A72,1,A121,A40,A61,A11,1,A101,A201,0,1
501,1,1346,A32,6,A153,2,A173,1,2,A141,A93,A75,4,A124,A43,A62,A14,0,A101,A201,1,1
502,1,1592,A34,12,A152,3,A173,1,1,A143,A92,A74,2,A122,A42,A64,A14,1,A101,A202,1,1
503,1,1553,A31,18,A152,4,A173,1,1,A141,A93,A73,3,A123,A42,A61,A11,1,A101,A201,0,1
504,0,2779,A32,18,A151,1,A173,1,1,A143,A94,A73,3,A123,A41,A61,A12,0,A101,A201,1,0
505,0,902,A32,12,A151,4,A173,1,1,A143,A94,A74,4,A122,A48,A61,A11,1,A101,A201,0,0
506,0,3632,A31,24,A151,1,A173,1,1,A141,A92,A73,4,A123,A41,A61,A11,1,A103,A202,1,0
507,1,14782,A31,60,A153,3,A174,2,1,A141,A92,A75,4,A124,A410,A62,A12,0,A101,A201,0,1
508,1,3181,A32,24,A152,4,A173,1,1,A143,A92,A72,4,A122,A43,A61,A14,0,A101,A201,1,1
509,1,3422,A32,18,A152,4,A173,3,2,A141,A93,A75,4,A122,A42,A61,A14,0,A101,A201,1,1
510,1,3552,A31,24,A152,3,A173,1,1,A141,A93,A74,4,A123,A42,A61,A11,1,A101,A201,0,1
511,1,6761,A34,6,A152,1,A174,2,2,A143,A93,A74,3,A124,A40,A61,A14,0,A101,A201,1,1
512,1,6615,A34,24,A153,2,A174,2,1,A143,A93,A71,4,A124,A41,A61,A11,0,A101,A201,1,1
513,0,3368,A34,15,A151,3,A173,2,1,A143,A93,A75,4,A124,A41,A64,A14,0,A101,A201,1,0
514,1,2032,A33,24,A153,4,A173,2,1,A143,A93,A75,4,A124,A40,A61,A14,0,A101,A201,1,1
515,1,9283,A31,42,A153,1,A174,1,1,A141,A93,A71,2,A124,A41,A61,A12,0,A101,A201,1,1
516,1,6758,A32,48,A152,3,A173,1,1,A143,A92,A73,2,A123,A43,A61,A11,0,A101,A201,0,1
517,0,2394,A32,36,A152,4,A173,1,1,A143,A92,A73,4,A123,A43,A65,A14,1,A101,A201,1,0
518,0,1048,A31,10,A152,4,A172,1,1,A142,A93,A73,4,A121,A43,A61,A12,1,A101,A201,1,0
519,1,7685,A31,48,A151,2,A173,1,1,A143,A92,A74,4,A123,A49,A61,A11,1,A103,A201,0,1
520,1,1291,A34,12,A152,4,A173,2,1,A143,A92,A73,2,A122,A43,A61,A14,1,A101,A201,1,1
521,1,1940,A31,18,A153,3,A174,1,1,A141,A93,A72,4,A124,A43,A61,A11,0,A102,A201,1,1
522,1,12680,A34,21,A153,4,A174,1,1,A143,A93,A75,4,A124,A40,A65,A14,0,A101,A201,0,1
523,0,1987,A32,24,A151,2,A172,1,2,A143,A93,A73,4,A121,A43,A61,A11,1,A101,A201,0,0
524,0,4110,A30,24,A151,3,A173,2,2,A141,A93,A75,4,A124,A42,A61,A11,1,A101,A201,0,0
525,0,1577,A32,11,A152,4,A173,1,1,A143,A92,A72,1,A121,A42,A64,A12,1,A101,A201,1,0
526,1,12389,A32,36,A153,1,A173,1,1,A143,A93,A73,4,A124,A40,A65,A12,0,A101,A201,0,1
527,1,1471,A34,15,A153,4,A173,2,1,A143,A93,A73,4,A124,A43,A61,A14,0,A101,A201,1,1
528,1,6887,A33,36,A152,4,A173,1,1,A142,A93,A73,3,A122,A46,A61,A11,0,A101,A201,0,1
529,0,1567,A32,12,A152,1,A173,1,1,A143,A92,A73,1,A123,A43,A61,A12,0,A101,A201,1,0
530,1,5324,A32,15,A153,1,A173,1,1,A143,A92,A75,4,A124,A40,A63,A14,1,A101,A201,1,1
531,1,8947,A33,36,A152,3,A174,1,2,A142,A93,A74,2,A123,A41,A65,A14,0,A101,A201,1,1
532,1,3565,A34,12,A152,2,A172,2,2,A143,A93,A72,1,A122,A46,A65,A14,1,A101,A201,1,1
533,1,5801,A34,12,A151,2,A173,1,1,A143,A93,A75,4,A122,A42,A65,A14,0,A101,A201,1,1
534,1,1516,A34,24,A152,4,A172,2,1,A143,A92,A73,1,A121,A43,A64,A14,1,A101,A201,1,1
535,1,1382,A34,6,A152,1,A173,2,1,A143,A92,A73,1,A123,A43,A61,A14,0,A101,A201,1,1
536,1,7511,A32,18,A153,1,A173,1,2,A143,A93,A75,4,A122,A41,A65,A11,0,A101,A201,0,1
537,1,951,A32,12,A151,4,A173,4,1,A141,A92,A72,4,A123,A42,A62,A12,1,A101,A201,0,1
538,1,3275,A34,21,A152,1,A174,1,1,A143,A93,A75,4,A123,A41,A61,A14,0,A101,A201,1,1
539,1,4370,A33,42,A152,3,A173,2,2,A141,A93,A74,2,A122,A43,A61,A11,0,A101,A201,0,1
540,1,6681,A33,48,A153,4,A173,1,2,A143,A93,A73,4,A124,A49,A65,A12,0,A101,A201,1,1
541,1,4139,A34,24,A152,3,A172,2,1,A143,A93,A73,3,A122,A49,A62,A14,0,A101,A201,1,1
542,0,10144,A32,60,A152,2,A173,1,1,A143,A92,A74,4,A121,A43,A62,A14,0,A101,A201,1,0
543,1,697,A31,12,A152,4,A173,2,1,A141,A93,A72,2,A123,A40,A61,A11,0,A101,A201,0,1
544,1,2671,A32,36,A153,4,A173,1,1,A143,A92,A73,4,A124,A43,A62,A12,1,A102,A201,0,1
545,1,7582,A33,48,A153,2,A174,1,1,A143,A93,A71,4,A124,A410,A62,A12,0,A101,A201,1,1
546,1,1860,A34,12,A152,4,A174,2,1,A143,A93,A71,2,A123,A41,A61,A12,0,A101,A201,1,1
547,1,1149,A34,18,A152,4,A173,2,1,A143,A93,A73,3,A121,A43,A64,A14,1,A101,A201,1,1
548,1,1231,A34,10,A152,3,A172,2,2,A143,A93,A75,4,A121,A40,A61,A14,1,A101,A202,1,1
549,1,3863,A33,24,A153,1,A173,1,1,A143,A93,A73,2,A124,A49,A61,A14,1,A101,A201,1,1
550,1,3617,A34,12,A151,1,A173,3,1,A143,A93,A75,4,A123,A42,A61,A12,0,A101,A201,1,1
551,1,894,A32,10,A152,4,A173,1,1,A143,A92,A74,3,A122,A48,A65,A14,0,A101,A201,1,1
552,1,6579,A32,24,A153,4,A174,1,1,A143,A93,A71,2,A124,A41,A61,A11,0,A101,A201,1,1
553,1,6419,A34,24,A153,2,A174,2,2,A143,A92,A75,4,A124,A41,A61,A11,0,A101,A201,1,1
554,1,7980,A33,36,A151,4,A173,2,1,A143,A93,A72,4,A123,A49,A65,A14,0,A101,A201,0,1
555,0,2483,A31,24,A152,4,A173,1,1,A142,A93,A73,4,A121,A42,A63,A11,0,A101,A201,1,0
556,1,1603,A32,24,A152,4,A173,1,1,A143,A92,A75,4,A123,A43,A61,A11,1,A101,A201,1,1
557,0,3812,A32,15,A152,1,A173,1,1,A143,A92,A72,4,A123,A41,A62,A14,0,A101,A201,1,0
558,1,9566,A34,36,A152,2,A173,2,1,A142,A92,A73,2,A123,A43,A61,A14,1,A101,A201,1,1
559,1,8648,A33,24,A152,2,A173,2,1,A141,A93,A72,2,A123,A49,A61,A14,0,A101,A201,0,1
560,1,1887,A34,18,A152,4,A173,2,1,A141,A94,A73,4,A121,A49,A65,A12,1,A101,A201,1,1
561,1,1585,A34,24,A152,4,A173,2,1,A143,A93,A74,3,A122,A42,A61,A14,1,A101,A201,1,1
562,1,9055,A32,36,A153,2,A172,1,2,A143,A93,A73,4,A124,A46,A65,A14,0,A101,A201,1,1
563,1,2333,A32,30,A152,4,A174,1,1,A141,A93,A75,2,A123,A43,A63,A14,1,A101,A201,1,1
564,1,846,A33,7,A153,3,A173,1,1,A143,A93,A75,4,A124,A43,A65,A14,1,A101,A201,1,1
565,1,2708,A32,15,A152,2,A172,2,1,A141,A93,A72,3,A122,A42,A61,A14,1,A101,A201,1,1
566,1,3496,A31,30,A152,4,A173,1,2,A142,A93,A73,2,A123,A42,A64,A12,0,A101,A201,1,1
567,1,3384,A34,6,A151,1,A174,1,1,A143,A91,A73,4,A121,A42,A61,A11,0,A101,A201,0,1
568,1,1940,A34,24,A152,4,A173,1,1,A143,A93,A75,4,A121,A40,A64,A14,0,A101,A201,1,1
569,0,975,A34,15,A152,2,A173,2,1,A143,A91,A73,3,A122,A42,A61,A11,1,A101,A201,1,0
570,0,1228,A32,12,A152,4,A172,1,1,A143,A92,A73,2,A121,A40,A61,A11,1,A101,A201,0,0
571,1,2515,A32,18,A152,3,A173,1,1,A143,A93,A73,4,A121,A42,A61,A14,0,A101,A201,1,1
572,0,3234,A32,24,A151,4,A172,1,1,A143,A92,A72,4,A121,A42,A61,A11,0,A101,A201,0,0
573,1,7678,A33,36,A152,2,A173,2,1,A143,A92,A74,4,A123,A42,A63,A14,0,A101,A201,1,1
574,1,2337,A34,36,A152,4,A173,1,1,A143,A93,A75,4,A121,A43,A61,A12,1,A101,A201,1,1
575,1,12579,A32,24,A153,4,A174,1,1,A143,A92,A75,2,A124,A41,A61,A12,0,A101,A201,0,1
576,1,5096,A34,48,A152,2,A174,1,1,A143,A92,A73,3,A123,A42,A61,A12,0,A101,A201,0,1
577,1,7824,A31,28,A151,3,A173,2,2,A141,A93,A72,4,A121,A41,A65,A14,0,A103,A201,1,1
578,0,886,A32,12,A152,4,A173,1,1,A143,A92,A73,2,A123,A43,A65,A14,1,A101,A201,1,0
579,1,2063,A32,6,A151,4,A174,1,1,A143,A94,A72,3,A123,A43,A61,A12,0,A101,A201,1,1
580,1,1278,A32,24,A152,4,A174,1,1,A143,A93,A75,1,A121,A43,A61,A14,0,A101,A201,1,1
581,0,2631,A32,15,A152,3,A172,1,1,A143,A92,A73,2,A121,A45,A62,A12,1,A101,A201,1,0
582,1,4788,A32,48,A152,4,A173,1,2,A143,A93,A74,3,A122,A41,A61,A11,1,A101,A201,1,1
583,1,1082,A32,9,A152,4,A172,2,1,A143,A93,A75,4,A123,A43,A61,A12,1,A101,A201,1,1
584,1,4712,A33,24,A152,4,A174,2,1,A141,A93,A73,2,A122,A49,A65,A12,0,A101,A201,1,1
585,1,1647,A31,21,A152,4,A172,2,2,A143,A93,A73,2,A122,A40,A65,A11,1,A101,A201,0,1
586,1,4249,A34,30,A152,4,A174,2,1,A143,A94,A71,2,A123,A40,A61,A12,1,A101,A201,0,1
587,1,1203,A32,6,A152,3,A173,1,1,A143,A93,A75,2,A122,A40,A62,A11,0,A101,A201,1,1
588,1,1271,A34,15,A153,3,A173,2,1,A143,A93,A73,4,A124,A43,A65,A13,0,A101,A201,0,1
589,1,717,A34,12,A152,4,A173,3,1,A143,A93,A75,4,A121,A43,A61,A14,1,A101,A201,1,1
590,1,1864,A34,18,A152,4,A173,2,1,A143,A92,A73,2,A121,A46,A62,A14,1,A101,A201,0,1
591,1,1388,A32,9,A151,4,A173,1,1,A143,A92,A73,2,A121,A42,A61,A14,1,A101,A201,1,1
592,1,609,A34,6,A152,4,A173,2,1,A143,A92,A74,3,A122,A40,A61,A11,1,A101,A202,1,1
593,1,3990,A31,36,A152,3,A171,1,1,A141,A92,A72,2,A124,A44,A65,A12,1,A101,A201,1,1
594,1,14027,A32,60,A152,4,A174,1,1,A143,A93,A74,2,A124,A40,A61,A12,0,A101,A201,0,1
595,1,3872,A32,18,A152,2,A173,1,1,A143,A92,A71,4,A123,A45,A61,A12,0,A101,A201,1,1
596,1,745,A32,9,A152,3,A172,1,1,A143,A92,A73,2,A121,A43,A61,A13,1,A101,A201,0,1
597,1,1275,A34,24,A152,2,A173,2,1,A143,A91,A73,4,A121,A49,A64,A13,0,A101,A201,1,1
598,1,2212,A32,20,A152,4,A173,1,1,A143,A93,A74,4,A123,A42,A65,A11,0,A101,A201,1,1
599,1,1893,A32,12,A152,4,A173,1,1,A143,A92,A73,4,A122,A40,A61,A11,0,A103,A201,1,1
600,1,1223,A32,12,A151,1,A173,2,1,A143,A91,A75,1,A121,A40,A61,A12,1,A101,A201,0,1
601,0,3441,A32,30,A151,2,A173,1,1,A143,A92,A73,4,A123,A42,A62,A12,1,A102,A201,0,0
602,1,6304,A34,36,A152,4,A173,2,1,A143,A93,A75,4,A121,A49,A65,A14,1,A101,A201,1,1
603,0,3972,A32,24,A151,2,A173,1,1,A143,A92,A74,4,A122,A42,A61,A14,0,A101,A201,1,0
604,1,4165,A30,18,A152,2,A173,2,2,A142,A93,A73,2,A123,A49,A61,A14,1,A101,A201,0,1
605,1,783,A31,6,A152,1,A172,1,2,A142,A93,A73,2,A121,A40,A65,A14,1,A103,A201,1,1
606,1,2978,A32,6,A152,1,A173,1,1,A143,A93,A73,2,A123,A42,A63,A14,0,A101,A201,1,1
607,0,1331,A32,12,A152,2,A173,1,1,A142,A93,A72,1,A123,A43,A61,A12,1,A101,A201,0,0
608,0,983,A32,12,A151,1,A172,1,1,A143,A92,A72,4,A121,A42,A64,A12,1,A101,A201,1,0
609,1,3878,A34,24,A152,4,A173,1,1,A143,A91,A72,2,A123,A40,A62,A12,0,A101,A201,1,1
610,1,3017,A32,12,A151,3,A174,1,1,A143,A92,A72,1,A121,A42,A61,A12,1,A101,A201,1,1
611,1,5965,A33,27,A152,1,A174,2,1,A143,A93,A75,2,A123,A41,A61,A12,0,A101,A201,1,1
612,1,1300,A32,15,A153,4,A173,1,2,A141,A93,A75,4,A124,A41,A65,A14,1,A101,A201,1,1
613,1,3749,A32,24,A152,2,A173,1,1,A143,A92,A72,4,A123,A42,A61,A13,1,A101,A201,1,1
614,1,2241,A34,10,A151,1,A172,2,2,A143,A93,A72,3,A121,A40,A61,A11,1,A101,A202,1,1
615,0,996,A34,12,A152,4,A173,2,1,A143,A92,A74,4,A121,A45,A65,A14,1,A101,A201,1,0
616,1,2622,A32,18,A152,4,A173,1,1,A143,A93,A73,4,A123,A49,A62,A12,1,A101,A201,1,1
617,1,7308,A32,10,A153,2,A174,1,1,A141,A93,A71,4,A124,A40,A61,A12,0,A101,A201,1,1
618,1,2743,A34,28,A152,4,A173,2,1,A143,A93,A75,2,A123,A43,A61,A14,1,A101,A201,1,1
619,1,6350,A32,30,A152,4,A173,1,1,A143,A93,A75,4,A122,A42,A65,A11,1,A101,A201,0,1
620,1,3124,A34,12,A152,1,A172,2,2,A141,A93,A72,3,A121,A40,A61,A12,1,A101,A201,1,1
621,1,1050,A33,6,A152,4,A174,2,1,A142,A93,A71,1,A122,A42,A61,A12,0,A101,A201,1,1
622,0,1478,A32,9,A152,4,A173,1,1,A143,A93,A74,2,A123,A43,A61,A14,1,A101,A201,0,0
623,1,1424,A34,12,A152,4,A173,1,1,A143,A93,A74,3,A122,A44,A61,A12,1,A101,A201,1,1
624,1,3577,A32,9,A151,1,A173,1,2,A143,A93,A73,2,A121,A40,A62,A14,1,A103,A202,1,1
625,1,6761,A32,18,A151,2,A173,2,1,A143,A93,A73,4,A123,A40,A65,A14,1,A101,A201,0,1
626,1,3676,A34,6,A151,1,A173,3,2,A143,A93,A73,3,A121,A40,A61,A11,1,A101,A201,1,1
627,0,3913,A32,36,A152,2,A173,1,1,A143,A93,A73,2,A121,A43,A61,A13,0,A101,A201,1,0
628,1,1410,A32,14,A152,1,A173,1,1,A143,A94,A75,2,A121,A49,A63,A12,0,A101,A201,1,1
629,1,6289,A30,42,A152,2,A173,2,1,A143,A91,A72,1,A122,A49,A61,A13,1,A101,A201,1,1
630,1,1037,A32,12,A152,3,A172,1,1,A143,A93,A74,4,A121,A49,A62,A12,1,A101,A201,1,1
631,1,6361,A34,18,A152,2,A173,1,1,A143,A93,A75,1,A124,A42,A61,A12,0,A101,A201,1,1
632,1,2647,A32,6,A151,2,A173,1,2,A143,A93,A73,3,A121,A43,A63,A11,1,A101,A201,1,1
633,1,3342,A34,36,A152,4,A173,1,1,A143,A93,A75,2,A123,A43,A65,A14,0,A101,A201,1,1
634,0,3092,A32,24,A151,3,A173,1,1,A143,A94,A72,2,A123,A43,A62,A12,0,A101,A201,0,0
635,0,1355,A32,24,A152,3,A172,1,1,A143,A92,A72,4,A123,A40,A61,A12,0,A101,A201,0,0
636,1,1231,A34,24,A151,4,A174,2,1,A143,A92,A75,4,A122,A43,A64,A11,0,A101,A201,1,1
637,1,1198,A31,6,A153,4,A173,1,1,A143,A92,A75,4,A124,A46,A61,A11,1,A101,A201,0,1
638,1,1393,A34,11,A152,4,A174,2,1,A143,A92,A72,4,A123,A40,A61,A14,1,A101,A201,1,1
639,1,3485,A34,20,A152,2,A173,2,1,A143,A91,A72,4,A121,A40,A65,A14,0,A101,A201,1,1
640,1,2775,A34,18,A152,2,A173,2,1,A141,A93,A74,2,A122,A40,A61,A14,1,A101,A201,0,1
641,1,3965,A32,42,A152,4,A173,1,1,A143,A93,A72,3,A123,A43,A61,A11,1,A101,A201,0,1
642,1,1934,A34,12,A152,2,A173,2,1,A143,A93,A75,2,A124,A43,A61,A14,1,A101,A201,1,1
643,1,3594,A33,15,A152,1,A172,2,1,A143,A92,A72,2,A122,A41,A61,A14,1,A101,A201,1,1
644,1,1740,A34,6,A151,2,A173,2,1,A143,A94,A75,2,A121,A43,A61,A14,1,A101,A201,1,1
645,1,3059,A32,12,A152,2,A172,1,1,A143,A91,A74,4,A121,A43,A64,A14,1,A101,A201,1,1
646,1,6842,A34,24,A152,2,A174,2,2,A143,A93,A73,4,A122,A41,A65,A14,0,A101,A201,1,1
647,1,4210,A32,36,A152,4,A173,1,1,A143,A93,A73,2,A123,A43,A61,A13,1,A101,A201,0,1
648,1,2631,A32,15,A151,2,A173,2,1,A143,A92,A73,4,A123,A40,A62,A12,0,A101,A201,0,1
649,0,1126,A32,18,A151,4,A173,1,1,A143,A92,A72,2,A121,A43,A65,A14,0,A101,A201,1,0
650,1,1533,A32,24,A152,4,A173,1,1,A142,A92,A72,3,A123,A43,A61,A14,0,A101,A201,1,1
651,1,609,A31,12,A152,4,A171,1,1,A143,A92,A72,1,A121,A49,A61,A13,1,A101,A201,0,1
652,0,5771,A34,30,A152,4,A173,2,1,A143,A92,A74,2,A123,A43,A61,A14,1,A101,A201,1,0
653,1,1068,A32,6,A152,4,A173,1,2,A143,A93,A75,4,A123,A43,A61,A12,1,A101,A201,1,1
654,1,3399,A32,12,A152,2,A174,1,1,A143,A93,A75,3,A123,A43,A65,A13,1,A101,A201,1,1
655,1,2223,A34,24,A152,4,A173,2,1,A141,A93,A75,4,A122,A43,A62,A14,1,A101,A201,1,1
656,1,12204,A30,48,A152,2,A174,1,1,A141,A93,A73,2,A123,A49,A65,A12,0,A101,A201,1,1
657,1,958,A34,12,A152,2,A172,2,2,A143,A93,A74,3,A121,A40,A61,A12,1,A101,A201,1,1
658,0,1289,A32,12,A152,4,A172,1,1,A143,A93,A73,1,A122,A42,A61,A11,1,A103,A201,1,0
659,0,1007,A32,12,A152,4,A173,1,1,A143,A94,A73,1,A121,A40,A64,A12,1,A101,A201,1,0
660,0,6229,A34,36,A151,4,A172,2,1,A143,A92,A72,4,A124,A42,A61,A11,0,A102,A201,0,0
661,1,937,A32,24,A152,4,A172,2,1,A143,A94,A72,3,A123,A48,A61,A14,1,A101,A201,1,1
662,0,6568,A32,24,A152,2,A172,1,1,A142,A94,A73,2,A123,A49,A61,A11,1,A101,A201,1,0
663,1,1239,A32,18,A153,4,A173,1,1,A143,A93,A73,4,A124,A46,A65,A12,1,A101,A201,1,1
664,1,3959,A32,36,A152,4,A174,1,1,A143,A93,A71,3,A122,A42,A61,A11,0,A101,A201,1,1
665,1,1925,A32,24,A152,2,A173,1,1,A143,A93,A73,2,A121,A42,A61,A13,1,A101,A201,1,1
666,1,9960,A32,48,A152,1,A173,1,1,A143,A92,A72,2,A123,A42,A61,A12,0,A101,A201,0,1
667,1,2764,A33,33,A152,2,A173,2,1,A143,A92,A73,2,A123,A49,A61,A14,0,A101,A201,1,1
668,1,5234,A34,30,A152,4,A174,2,1,A143,A94,A71,2,A123,A40,A61,A12,1,A101,A201,0,1
669,1,1240,A34,12,A152,4,A173,2,1,A143,A92,A75,2,A121,A43,A65,A14,0,A101,A201,1,1
670,1,4113,A32,24,A151,3,A173,1,1,A143,A92,A72,4,A123,A41,A63,A12,1,A101,A201,0,1
671,1,3905,A34,11,A151,2,A173,2,2,A143,A93,A73,2,A121,A40,A61,A11,1,A101,A201,1,1
672,0,1882,A32,18,A151,4,A173,2,1,A141,A92,A73,4,A123,A43,A61,A11,1,A101,A201,0,0
673,0,1352,A32,6,A151,1,A171,1,1,A143,A92,A71,2,A122,A41,A63,A11,0,A101,A201,1,0
674,1,640,A32,12,A152,4,A172,1,1,A143,A91,A73,2,A121,A40,A61,A14,1,A101,A201,1,1
675,1,5943,A32,24,A152,1,A173,2,1,A143,A92,A72,1,A123,A43,A65,A14,0,A101,A201,0,1
676,1,7297,A32,60,A151,4,A173,1,1,A143,A93,A75,4,A124,A49,A61,A11,1,A102,A201,0,1
677,1,5003,A30,21,A152,1,A173,2,1,A141,A92,A73,4,A122,A40,A65,A14,0,A101,A201,0,1
678,0,15672,A32,48,A152,2,A173,1,1,A143,A93,A73,2,A123,A49,A61,A12,0,A101,A201,0,0
679,1,14179,A34,39,A152,4,A174,2,1,A143,A93,A74,4,A122,A42,A65,A11,0,A101,A201,1,1
680,1,2002,A32,12,A151,3,A173,1,2,A143,A93,A74,4,A122,A40,A61,A12,0,A101,A201,1,1
681,1,1413,A32,12,A152,3,A173,1,1,A143,A93,A74,2,A122,A41,A64,A14,1,A101,A202,1,1
682,1,1158,A32,12,A152,3,A173,1,1,A143,A91,A73,1,A123,A43,A63,A12,0,A101,A201,1,1
683,1,3077,A32,12,A152,2,A173,1,1,A143,A93,A73,4,A123,A43,A61,A14,0,A101,A201,1,1
684,1,1494,A32,4,A152,1,A172,1,2,A143,A93,A72,2,A121,A40,A65,A13,1,A101,A202,1,1
685,1,1546,A32,10,A152,3,A172,1,2,A143,A93,A73,2,A121,A40,A61,A14,1,A101,A202,1,1
686,1,1042,A32,18,A152,4,A173,1,1,A143,A92,A73,2,A122,A40,A65,A12,1,A101,A201,0,1
687,1,2360,A34,15,A152,2,A173,1,1,A143,A93,A73,2,A123,A41,A63,A13,0,A101,A201,1,1
688,1,625,A32,12,A152,4,A172,1,1,A141,A94,A72,1,A121,A43,A61,A12,1,A103,A201,1,1
689,1,3979,A32,48,A152,4,A173,2,2,A143,A93,A74,1,A123,A43,A65,A12,0,A101,A201,1,1
690,0,4811,A32,30,A151,2,A172,1,1,A142,A92,A74,4,A122,A41,A65,A14,1,A101,A201,1,0
691,1,6199,A30,12,A151,4,A173,2,1,A143,A93,A73,2,A122,A43,A61,A11,0,A101,A201,0,1
692,0,2146,A34,10,A151,1,A173,2,1,A143,A92,A72,3,A121,A42,A61,A14,1,A101,A201,1,0
693,1,1322,A34,11,A152,4,A173,2,1,A143,A92,A73,4,A123,A40,A64,A12,1,A101,A201,1,1
694,1,1469,A32,24,A151,4,A172,1,1,A143,A94,A75,4,A121,A40,A62,A14,1,A101,A201,1,1
695,1,6836,A33,60,A152,3,A173,2,1,A143,A93,A75,4,A124,A49,A61,A11,0,A101,A201,0,1
696,1,666,A34,6,A152,3,A172,2,1,A143,A92,A74,4,A121,A40,A64,A11,0,A101,A201,1,1
697,0,1554,A34,6,A151,1,A173,2,1,A143,A92,A74,2,A123,A43,A61,A14,0,A101,A201,1,0
698,1,5129,A31,9,A153,2,A174,1,2,A141,A92,A75,4,A124,A41,A61,A12,0,A101,A201,0,1
699,1,802,A32,15,A152,4,A173,1,2,A143,A93,A75,3,A123,A43,A61,A12,1,A101,A201,0,1
700,1,3108,A32,30,A152,2,A172,1,1,A143,A91,A72,4,A122,A42,A61,A11,1,A101,A201,0,1
701,0,7472,A32,12,A151,1,A171,1,1,A143,A92,A71,2,A121,A40,A65,A12,1,A101,A201,1,0
702,1,1330,A32,12,A152,4,A173,1,1,A143,A93,A72,1,A121,A40,A61,A13,1,A101,A201,1,1
703,0,806,A32,15,A152,4,A172,1,1,A143,A92,A73,4,A122,A49,A61,A11,1,A101,A201,1,0
704,1,1480,A34,12,A153,2,A171,3,1,A141,A93,A71,4,A124,A40,A63,A13,1,A101,A201,1,1
705,1,1938,A32,24,A152,4,A173,1,1,A143,A91,A72,3,A122,A43,A61,A11,1,A101,A201,0,1
706,1,2507,A32,9,A153,2,A172,1,1,A143,A93,A75,4,A124,A40,A63,A14,1,A101,A201,1,1
707,0,11590,A34,48,A151,2,A172,2,1,A141,A92,A73,4,A123,A41,A62,A14,1,A101,A201,0,0
708,1,2476,A32,21,A152,4,A174,1,1,A143,A93,A75,4,A121,A41,A65,A14,0,A101,A201,1,1
709,1,918,A32,9,A152,4,A173,1,1,A143,A92,A73,1,A122,A42,A61,A12,1,A101,A201,0,1
710,1,10297,A32,48,A153,4,A173,3,2,A142,A93,A74,4,A124,A41,A61,A11,0,A101,A201,0,1
711,1,5248,A32,21,A152,1,A173,1,1,A143,A93,A73,3,A123,A41,A65,A14,1,A101,A201,1,1
712,1,1924,A32,18,A151,4,A173,1,1,A143,A92,A72,3,A121,A42,A65,A12,1,A101,A201,0,1
713,1,2427,A33,18,A152,4,A173,2,1,A143,A93,A75,2,A122,A49,A65,A12,1,A101,A201,1,1
714,1,3229,A34,18,A152,2,A174,1,1,A143,A93,A71,4,A124,A41,A65,A14,0,A101,A201,1,1
715,1,3590,A34,18,A152,3,A171,3,2,A143,A94,A71,3,A123,A49,A61,A12,0,A101,A201,1,1
716,1,3074,A34,9,A152,1,A173,2,2,A143,A93,A73,2,A121,A43,A65,A14,1,A101,A201,1,1
717,1,1919,A34,9,A151,4,A173,1,1,A143,A93,A74,3,A123,A42,A61,A12,0,A101,A201,1,1
718,1,2197,A34,24,A152,4,A173,2,2,A143,A93,A74,4,A123,A41,A65,A14,0,A101,A201,1,1
719,1,727,A32,10,A153,4,A173,1,1,A143,A93,A75,4,A124,A46,A63,A14,0,A101,A201,1,1
720,1,571,A34,21,A152,4,A173,2,1,A143,A93,A75,4,A121,A40,A61,A11,1,A101,A201,1,1
721,0,1275,A32,15,A151,4,A173,1,1,A143,A92,A73,2,A123,A44,A65,A11,1,A101,A201,0,0
722,1,3850,A34,18,A152,3,A173,2,1,A143,A93,A74,1,A123,A41,A61,A14,1,A101,A201,1,1
723,1,3914,A32,48,A152,4,A173,1,1,A141,A91,A73,2,A121,A49,A65,A14,1,A101,A201,0,1
724,1,8358,A30,48,A152,1,A173,2,1,A143,A92,A72,1,A123,A40,A63,A12,1,A101,A201,1,1
725,1,5179,A32,36,A152,4,A173,1,1,A143,A93,A74,2,A122,A42,A61,A11,1,A101,A201,0,1
726,1,2225,A33,36,A153,4,A173,2,1,A141,A93,A75,4,A124,A40,A61,A12,0,A101,A201,0,1
727,1,2445,A32,12,A151,2,A173,1,1,A143,A94,A72,4,A123,A41,A65,A14,0,A101,A201,1,1
728,1,1750,A31,6,A152,2,A172,1,2,A141,A93,A75,4,A122,A43,A63,A14,1,A101,A201,1,1
729,1,1908,A33,30,A152,4,A174,1,1,A143,A93,A75,4,A121,A49,A61,A13,0,A101,A201,0,1
730,1,2278,A30,18,A152,3,A173,2,1,A143,A92,A72,3,A123,A40,A62,A12,1,A101,A201,0,1
731,0,1484,A32,12,A152,2,A173,1,1,A143,A94,A73,1,A121,A43,A65,A12,0,A101,A201,0,0
732,1,1552,A32,24,A152,3,A173,1,2,A141,A93,A74,1,A123,A43,A61,A14,1,A101,A201,1,1
733,0,1967,A32,24,A152,4,A173,1,1,A143,A92,A75,4,A123,A43,A61,A12,0,A101,A201,1,0
734,1,1574,A32,12,A152,4,A173,1,1,A143,A93,A73,2,A121,A42,A61,A14,1,A101,A201,1,1
735,0,1961,A32,18,A152,3,A174,1,1,A143,A92,A75,2,A123,A40,A61,A13,1,A101,A201,1,0
736,1,1343,A34,6,A152,1,A173,2,2,A143,A93,A75,4,A121,A40,A61,A13,1,A101,A202,1,1
737,1,2028,A34,24,A152,2,A172,2,1,A143,A93,A74,2,A122,A42,A61,A14,1,A101,A201,1,1
738,1,2697,A32,9,A152,1,A173,1,2,A143,A93,A73,2,A121,A43,A61,A14,1,A101,A201,1,1
739,1,1299,A34,6,A152,1,A171,3,2,A143,A93,A73,1,A121,A40,A61,A13,1,A101,A202,1,1
740,1,10222,A32,48,A152,4,A173,1,1,A142,A93,A74,3,A123,A43,A65,A14,0,A101,A201,1,1
741,1,4611,A32,6,A152,1,A173,1,1,A143,A92,A72,4,A122,A42,A61,A14,1,A101,A201,0,1
742,1,4843,A34,12,A151,3,A173,2,1,A143,A93,A75,4,A122,A40,A61,A11,0,A102,A201,0,1
743,0,6187,A34,30,A151,1,A173,2,1,A143,A94,A74,4,A123,A41,A62,A11,1,A101,A201,1,0
744,1,1213,A32,15,A152,4,A173,1,1,A142,A93,A75,3,A122,A43,A63,A14,0,A101,A201,1,1
745,1,2303,A32,24,A152,4,A173,1,1,A143,A93,A75,1,A121,A40,A61,A11,1,A102,A201,0,1
746,0,448,A32,6,A152,4,A173,1,1,A143,A92,A72,4,A122,A46,A61,A11,1,A101,A201,0,0
747,1,1393,A32,12,A152,4,A173,3,2,A141,A93,A75,4,A122,A46,A61,A14,0,A101,A201,1,1
748,1,2864,A32,18,A152,2,A172,1,2,A143,A93,A73,1,A121,A42,A61,A13,1,A101,A201,0,1
749,1,4716,A34,6,A152,1,A172,2,2,A143,A93,A72,3,A121,A40,A65,A11,1,A101,A201,1,1
750,1,368,A32,6,A152,4,A173,1,1,A143,A93,A75,4,A122,A43,A65,A12,1,A101,A201,1,1
751,1,1361,A34,6,A152,2,A172,1,2,A143,A93,A72,4,A121,A40,A61,A11,1,A101,A202,1,1
752,1,2171,A32,12,A152,2,A173,1,1,A141,A92,A72,2,A123,A43,A61,A14,1,A101,A201,1,1
753,1,1569,A31,15,A152,4,A172,1,2,A141,A93,A75,4,A123,A43,A62,A14,1,A101,A201,1,1
754,0,2511,A32,15,A151,1,A173,1,1,A143,A92,A71,4,A123,A40,A61,A11,1,A101,A201,1,0
755,1,4686,A32,36,A153,2,A174,1,1,A143,A93,A73,2,A124,A41,A61,A14,0,A101,A201,1,1
756,1,1538,A32,6,A152,1,A173,1,1,A143,A92,A72,2,A124,A46,A61,A14,1,A101,A201,1,1
757,1,3343,A34,15,A153,4,A173,1,1,A143,A93,A73,2,A124,A42,A61,A14,0,A101,A201,1,1
758,1,662,A32,6,A152,3,A172,1,2,A143,A93,A72,4,A121,A40,A61,A11,0,A101,A201,1,1
759,1,939,A34,12,A152,4,A173,3,1,A143,A94,A74,2,A121,A40,A63,A13,0,A101,A201,0,1
760,0,741,A32,12,A152,4,A173,1,1,A143,A92,A71,3,A122,A44,A62,A11,1,A101,A201,0,0
761,1,10875,A33,36,A152,2,A173,2,2,A143,A93,A75,2,A123,A40,A61,A14,0,A101,A201,1,1
762,0,4272,A34,20,A152,1,A173,2,1,A143,A92,A75,4,A122,A42,A61,A11,1,A101,A201,1,0
763,1,1092,A32,12,A152,4,A173,2,1,A143,A92,A73,4,A121,A43,A61,A12,0,A103,A201,1,1
764,1,3622,A32,30,A151,4,A173,2,1,A143,A92,A75,4,A122,A42,A64,A11,0,A101,A201,1,1
765,1,1413,A32,24,A152,4,A173,1,1,A143,A94,A73,2,A122,A43,A61,A14,1,A101,A201,1,1
766,1,1209,A33,6,A152,4,A174,1,1,A143,A93,A71,4,A122,A40,A61,A12,0,A101,A201,0,1
767,1,804,A32,12,A152,4,A173,1,1,A143,A93,A75,4,A123,A43,A61,A14,1,A101,A201,1,1
768,1,3566,A31,48,A152,4,A173,1,1,A143,A93,A74,2,A123,A49,A62,A12,1,A101,A201,1,1
769,1,960,A33,15,A152,3,A173,2,1,A143,A92,A74,2,A122,A42,A64,A14,1,A101,A201,1,1
770,0,1553,A33,24,A151,3,A173,2,1,A143,A92,A74,2,A122,A43,A62,A12,0,A101,A201,1,0
771,0,900,A32,12,A152,4,A173,1,1,A143,A94,A73,2,A123,A40,A65,A11,1,A101,A201,0,0
772,1,2247,A33,12,A152,2,A173,2,1,A142,A92,A73,2,A123,A40,A61,A13,0,A101,A201,1,1
773,1,802,A33,14,A152,4,A172,2,1,A143,A93,A73,2,A123,A40,A61,A14,1,A101,A201,1,1
774,1,1872,A34,6,A153,4,A174,3,1,A143,A93,A71,4,A124,A42,A61,A11,0,A101,A201,1,1
775,1,731,A34,8,A152,4,A172,2,1,A143,A93,A75,4,A121,A40,A61,A11,1,A101,A201,1,1
776,1,682,A34,12,A152,4,A173,2,1,A143,A92,A74,3,A123,A40,A62,A14,0,A101,A201,1,1
777,1,8588,A32,39,A152,4,A174,1,1,A143,A93,A75,2,A123,A41,A62,A14,0,A101,A201,1,1
778,0,4281,A34,33,A152,1,A173,2,1,A143,A92,A73,4,A123,A42,A63,A11,1,A101,A201,0,0
779,1,1532,A34,15,A152,4,A173,1,1,A143,A92,A73,3,A123,A46,A62,A14,1,A101,A201,1,1
780,1,1288,A34,9,A152,3,A173,2,2,A143,A93,A75,4,A121,A45,A62,A11,1,A103,A202,1,1
781,1,6331,A34,48,A153,4,A173,2,1,A143,A93,A75,4,A124,A41,A61,A11,0,A101,A201,0,1
782,1,6527,A32,60,A153,4,A173,1,2,A143,A93,A73,4,A124,A40,A65,A14,0,A101,A201,1,1
783,1,766,A32,12,A152,4,A172,1,1,A143,A93,A73,3,A121,A43,A63,A12,1,A101,A201,0,1
784,1,3448,A32,5,A152,1,A172,1,1,A143,A93,A74,4,A121,A49,A61,A14,1,A101,A201,1,1
785,0,5951,A32,48,A152,2,A173,1,1,A143,A92,A73,2,A121,A43,A61,A12,1,A101,A201,0,0
786,1,4439,A32,18,A152,1,A174,1,1,A141,A93,A75,1,A121,A49,A61,A12,0,A102,A201,1,1
787,1,7758,A34,24,A151,2,A173,1,1,A143,A92,A75,4,A124,A41,A64,A12,1,A101,A201,1,1
788,1,1240,A32,10,A153,1,A172,1,2,A143,A92,A75,4,A124,A40,A62,A13,1,A101,A201,0,1
789,1,2118,A32,9,A152,2,A172,1,2,A143,A93,A73,2,A121,A43,A61,A12,1,A101,A201,1,1
790,1,5842,A34,36,A152,2,A173,2,2,A143,A93,A75,2,A122,A41,A61,A14,0,A101,A201,1,1
791,1,1301,A32,18,A152,4,A172,1,1,A143,A94,A75,2,A121,A43,A61,A12,1,A103,A201,1,1
792,1,5954,A34,30,A152,3,A173,1,1,A143,A93,A74,2,A123,A43,A61,A14,1,A102,A201,1,1
793,1,2134,A34,9,A152,4,A173,3,1,A143,A93,A73,4,A123,A40,A61,A14,0,A101,A201,1,1
794,0,1747,A32,24,A152,4,A172,1,1,A143,A93,A72,1,A122,A42,A61,A11,1,A102,A202,1,0
795,1,4221,A30,30,A152,2,A173,2,1,A143,A92,A73,1,A123,A49,A61,A12,1,A101,A201,1,1
796,1,1386,A32,15,A151,4,A173,1,1,A143,A94,A73,2,A121,A43,A65,A14,0,A101,A201,1,1
797,1,1582,A34,18,A152,4,A173,2,1,A143,A93,A75,4,A123,A43,A64,A14,1,A101,A201,1,1
798,1,1410,A30,12,A152,2,A172,1,1,A143,A93,A73,2,A121,A48,A61,A12,0,A101,A201,1,1
799,1,4795,A32,36,A152,4,A174,1,1,A143,A92,A72,1,A124,A43,A61,A12,0,A101,A201,1,1
800,1,2069,A34,10,A152,2,A173,2,1,A143,A94,A73,1,A123,A42,A65,A14,1,A101,A202,1,1
801,1,12976,A32,18,A153,3,A174,1,1,A143,A92,A71,4,A124,A41,A61,A12,0,A101,A201,0,1
802,1,7374,A34,18,A152,4,A174,2,1,A142,A93,A71,4,A122,A42,A61,A12,0,A101,A201,1,1
803,1,2108,A32,6,A151,2,A173,1,1,A143,A94,A74,2,A121,A43,A61,A14,1,A101,A201,1,1
804,1,1225,A32,10,A152,2,A173,1,1,A143,A93,A73,2,A123,A44,A61,A13,0,A101,A201,1,1
805,1,4169,A32,24,A152,4,A173,1,1,A143,A93,A73,4,A122,A42,A61,A11,1,A101,A201,1,1
806,1,4796,A34,42,A153,4,A173,1,1,A143,A93,A75,4,A124,A41,A61,A13,1,A101,A201,1,1
807,1,1376,A32,24,A152,4,A173,1,1,A143,A92,A74,1,A123,A43,A63,A14,1,A101,A201,1,1
808,1,2578,A34,24,A152,2,A173,1,1,A143,A93,A75,2,A123,A43,A64,A14,1,A101,A201,1,1
809,1,1521,A32,10,A152,4,A172,1,1,A143,A91,A73,2,A123,A42,A61,A12,1,A101,A201,1,1
810,1,1154,A34,9,A152,2,A172,3,1,A143,A93,A75,4,A121,A43,A61,A12,1,A101,A201,1,1
811,0,1206,A32,9,A152,4,A173,1,1,A143,A92,A75,4,A121,A43,A61,A12,1,A101,A201,1,0
812,0,4675,A32,12,A151,1,A173,1,1,A143,A92,A72,4,A123,A41,A65,A14,1,A101,A201,1,0
813,1,2404,A34,18,A152,2,A173,2,1,A143,A92,A73,2,A123,A43,A61,A14,1,A101,A201,1,1
814,0,1943,A32,18,A152,4,A173,1,1,A143,A92,A72,4,A121,A45,A61,A14,1,A101,A201,0,0
815,1,3590,A32,12,A152,2,A172,1,2,A143,A93,A73,2,A122,A42,A61,A11,1,A102,A201,1,1
816,1,1262,A32,15,A152,4,A173,2,1,A143,A93,A74,3,A122,A44,A63,A14,0,A101,A201,1,1
817,1,3394,A34,42,A152,4,A171,2,1,A143,A93,A71,4,A123,A45,A61,A11,1,A102,A201,1,1
818,0,2969,A30,12,A151,4,A173,2,1,A143,A92,A72,3,A122,A42,A61,A12,1,A101,A201,0,0
819,0,1237,A32,8,A152,3,A173,1,1,A143,A92,A73,4,A121,A42,A61,A12,1,A101,A201,0,0
820,1,1493,A32,12,A152,4,A173,1,2,A143,A92,A72,3,A123,A43,A61,A14,1,A101,A201,1,1
821,1,4297,A33,18,A152,4,A174,1,1,A143,A91,A75,3,A124,A42,A61,A12,0,A101,A201,0,1
822,1,1386,A32,12,A152,2,A173,1,1,A143,A92,A73,2,A122,A40,A63,A14,1,A101,A201,0,1
823,1,9034,A32,36,A151,4,A174,1,1,A143,A93,A72,1,A124,A42,A62,A12,0,A102,A201,0,1
824,1,1655,A34,12,A152,2,A172,2,1,A143,A93,A75,4,A121,A43,A61,A14,0,A101,A201,1,1
825,0,7127,A34,36,A151,2,A173,2,1,A143,A92,A72,4,A122,A42,A61,A14,0,A101,A201,0,0
826,1,1820,A32,18,A152,2,A174,1,1,A143,A94,A73,2,A122,A40,A61,A14,0,A101,A201,1,1
827,0,841,A32,12,A151,2,A172,1,1,A143,A92,A74,4,A121,A49,A62,A12,1,A101,A201,1,0
828,1,1204,A30,6,A151,4,A173,1,1,A141,A93,A73,1,A124,A40,A62,A14,1,A101,A202,1,1
829,1,6468,A32,20,A152,1,A174,1,1,A143,A91,A71,4,A121,A41,A65,A12,0,A101,A201,1,1
830,0,1366,A32,9,A151,3,A173,1,1,A143,A92,A72,4,A122,A43,A61,A11,1,A101,A201,0,0
831,1,11998,A32,30,A152,1,A172,1,1,A143,A91,A72,1,A124,A45,A61,A11,0,A101,A201,0,1
832,1,1131,A32,18,A152,4,A173,1,1,A143,A92,A71,2,A123,A42,A61,A11,1,A101,A201,0,1
833,1,1597,A32,10,A151,3,A172,1,2,A143,A93,A73,2,A124,A40,A63,A14,1,A101,A202,1,1
834,1,2613,A30,36,A152,4,A173,2,1,A143,A93,A73,2,A123,A45,A61,A14,1,A101,A201,1,1
835,0,2788,A34,15,A152,2,A173,2,1,A141,A92,A74,3,A123,A42,A61,A14,1,A102,A201,1,0
836,1,781,A34,10,A153,4,A173,2,1,A143,A93,A75,4,A124,A40,A61,A13,0,A101,A201,1,1
837,1,1391,A32,9,A152,2,A173,1,1,A141,A94,A73,1,A121,A49,A61,A12,0,A101,A201,1,1
838,1,1163,A34,12,A152,4,A173,1,1,A143,A93,A73,4,A121,A40,A63,A14,0,A101,A201,1,1
839,1,1953,A30,36,A153,4,A174,1,1,A143,A93,A75,4,A124,A49,A61,A12,0,A101,A201,0,1
840,1,7596,A34,30,A152,1,A173,2,1,A143,A93,A75,4,A123,A41,A65,A14,1,A101,A201,1,1
841,1,909,A32,36,A152,4,A173,1,1,A143,A93,A75,4,A122,A40,A63,A14,1,A101,A201,1,1
842,1,4272,A33,30,A152,2,A172,2,1,A143,A93,A73,2,A122,A49,A62,A14,1,A101,A201,1,1
843,1,1038,A34,10,A152,4,A173,2,1,A143,A93,A74,3,A122,A40,A61,A11,0,A102,A201,1,1
844,1,1285,A32,24,A151,4,A173,1,1,A143,A92,A74,4,A124,A40,A65,A11,1,A101,A201,0,1
845,0,14555,A32,6,A152,1,A171,1,1,A143,A93,A71,2,A122,A40,A65,A12,0,A101,A201,0,0
846,1,2580,A33,21,A152,4,A172,1,2,A141,A93,A72,2,A121,A49,A63,A14,1,A101,A201,0,1
847,1,1880,A34,18,A152,4,A174,2,1,A143,A94,A74,1,A122,A43,A61,A11,0,A101,A201,1,1
848,0,2288,A34,21,A152,4,A173,1,1,A143,A92,A72,4,A122,A42,A61,A14,0,A101,A201,1,0
849,1,3780,A34,18,A152,3,A174,2,1,A143,A91,A72,2,A123,A42,A61,A14,0,A101,A201,1,1
850,1,727,A32,12,A152,4,A172,1,1,A143,A94,A72,3,A124,A43,A62,A11,0,A101,A201,0,1
851,1,15857,A32,36,A152,2,A174,1,1,A143,A91,A71,3,A123,A410,A61,A11,1,A102,A201,1,1
852,0,4933,A34,39,A152,2,A173,2,1,A143,A93,A74,2,A121,A43,A61,A12,1,A103,A201,0,0
853,1,1237,A34,6,A152,1,A173,2,1,A143,A92,A73,1,A122,A43,A62,A14,1,A101,A201,1,1
854,1,1255,A34,12,A152,4,A172,2,1,A143,A93,A75,4,A121,A40,A61,A14,1,A101,A201,1,1
855,1,760,A32,8,A152,4,A172,1,1,A143,A92,A74,2,A121,A43,A61,A12,1,A103,A201,1,1
856,1,1345,A32,18,A152,4,A173,1,1,A141,A94,A73,3,A121,A43,A61,A11,1,A101,A201,0,1
857,1,3380,A34,4,A152,1,A173,1,2,A143,A92,A74,1,A121,A40,A61,A14,1,A101,A201,1,1
858,1,18424,A30,48,A152,1,A174,1,1,A141,A92,A73,2,A122,A410,A61,A12,0,A101,A202,0,1
859,1,4526,A34,24,A152,3,A174,1,1,A143,A93,A73,2,A121,A49,A61,A14,0,A101,A201,1,1
860,1,1905,A32,15,A151,4,A174,1,1,A143,A93,A75,4,A123,A46,A61,A13,0,A101,A201,1,1
861,1,2353,A33,21,A152,1,A173,2,1,A143,A91,A73,4,A122,A40,A61,A12,1,A101,A201,1,1
862,1,1409,A32,13,A152,2,A173,1,1,A143,A92,A71,4,A121,A43,A62,A14,1,A101,A201,1,1
863,1,2132,A34,10,A151,2,A173,2,1,A143,A92,A72,3,A121,A42,A65,A11,1,A102,A202,1,1
864,1,1258,A32,24,A152,3,A172,1,1,A143,A92,A73,3,A123,A43,A63,A13,1,A101,A201,1,1
865,1,6148,A30,20,A152,3,A173,2,1,A141,A94,A75,4,A123,A41,A62,A12,0,A101,A201,1,1
866,1,2820,A34,36,A152,4,A173,2,1,A143,A91,A72,4,A123,A40,A61,A12,1,A101,A201,0,1
867,1,6143,A34,48,A153,4,A172,2,1,A142,A92,A75,4,A124,A41,A61,A11,1,A101,A201,0,1
868,1,2463,A34,24,A152,4,A173,2,1,A143,A94,A74,3,A122,A40,A62,A14,0,A101,A201,1,1
869,1,3612,A34,18,A152,3,A173,1,1,A143,A92,A75,4,A122,A42,A61,A12,0,A101,A201,1,1
870,1,2333,A33,24,A152,4,A172,1,1,A141,A93,A72,2,A122,A42,A65,A12,1,A101,A201,1,1
871,1,3711,A32,36,A152,2,A173,1,1,A143,A94,A73,2,A123,A46,A65,A12,1,A101,A201,1,1
872,1,338,A34,6,A152,4,A173,2,1,A143,A93,A75,4,A123,A43,A63,A11,1,A101,A201,1,1
873,0,674,A32,12,A152,4,A173,1,1,A143,A94,A74,1,A122,A43,A62,A11,1,A101,A201,0,0
874,0,3186,A32,15,A151,2,A173,1,1,A143,A92,A74,3,A123,A40,A64,A14,1,A101,A201,1,0
875,1,4576,A34,45,A152,3,A173,1,1,A143,A93,A71,4,A123,A41,A62,A12,1,A101,A201,1,1
876,1,6403,A33,24,A152,1,A173,1,1,A143,A93,A72,2,A123,A43,A61,A12,1,A101,A201,1,1
877,0,2150,A32,30,A152,4,A173,1,1,A141,A92,A73,2,A124,A40,A61,A12,1,A103,A201,0,0
878,1,4280,A30,30,A151,4,A172,2,1,A143,A92,A73,4,A123,A49,A62,A12,1,A101,A201,0,1
879,1,1344,A33,12,A152,4,A172,2,2,A143,A93,A73,2,A121,A40,A61,A11,1,A101,A201,1,1
880,1,3595,A32,36,A152,4,A173,1,1,A143,A93,A75,2,A123,A43,A61,A14,1,A101,A201,1,1
881,1,6468,A32,12,A152,2,A174,1,1,A143,A93,A71,1,A124,A43,A65,A12,0,A101,A201,0,1
882,1,14896,A32,6,A152,1,A174,1,1,A141,A93,A75,4,A124,A40,A61,A11,0,A101,A201,0,1
883,1,700,A34,6,A153,4,A173,2,1,A143,A93,A75,4,A124,A43,A65,A14,1,A101,A201,1,1
884,0,3031,A32,45,A151,4,A173,1,1,A143,A93,A73,4,A122,A43,A62,A12,1,A103,A201,0,0
885,1,1199,A34,24,A152,4,A172,2,1,A143,A93,A75,4,A123,A40,A61,A11,1,A101,A201,0,1
886,1,1680,A32,12,A152,3,A173,1,1,A143,A94,A75,1,A121,A43,A63,A11,1,A101,A201,1,1
887,1,1919,A33,30,A152,4,A174,2,1,A142,A93,A72,3,A124,A43,A62,A12,1,A101,A201,0,1
888,0,5595,A32,72,A152,2,A173,1,1,A143,A94,A73,2,A123,A43,A62,A12,1,A101,A201,0,0
889,1,3832,A32,9,A152,1,A172,1,1,A143,A93,A75,4,A121,A46,A65,A14,1,A101,A201,1,1
890,0,1107,A32,12,A151,2,A174,1,2,A143,A93,A73,2,A121,A43,A61,A11,0,A101,A201,1,0
891,1,1503,A34,4,A152,2,A172,2,2,A143,A93,A74,1,A121,A43,A61,A14,1,A101,A201,1,1
892,1,9277,A32,24,A153,2,A173,1,1,A143,A91,A73,4,A124,A41,A65,A14,0,A101,A201,1,1
893,1,618,A34,12,A152,4,A173,1,1,A143,A93,A75,4,A121,A43,A61,A14,1,A101,A201,1,1
894,1,1364,A32,10,A152,2,A173,1,1,A143,A92,A73,4,A123,A40,A61,A14,0,A101,A201,1,1
895,1,2978,A33,24,A152,4,A173,2,2,A143,A93,A73,4,A121,A49,A65,A14,0,A101,A201,1,1
896,1,639,A32,12,A152,4,A173,1,1,A143,A93,A73,2,A123,A45,A61,A12,1,A101,A201,0,1
897,0,3573,A34,12,A152,1,A172,1,1,A143,A92,A73,1,A121,A43,A61,A12,1,A101,A201,1,0
898,1,2924,A32,24,A152,3,A173,1,2,A141,A93,A73,4,A124,A41,A61,A11,0,A103,A201,1,1
899,0,1980,A32,9,A151,2,A173,2,1,A143,A92,A72,2,A123,A42,A61,A14,1,A102,A201,0,0
900,1,2684,A34,24,A152,4,A172,2,1,A143,A93,A73,2,A121,A43,A61,A14,1,A101,A201,1,1
901,1,1333,A33,24,A153,4,A173,2,2,A143,A93,A71,2,A121,A40,A61,A11,1,A101,A201,0,1
902,1,2302,A32,36,A151,4,A173,1,1,A143,A91,A73,4,A123,A43,A61,A11,1,A101,A201,0,1
903,1,929,A32,24,A152,4,A173,1,1,A142,A93,A74,2,A123,A42,A65,A14,0,A101,A201,1,1
904,1,907,A32,8,A152,3,A173,1,1,A143,A94,A72,2,A121,A49,A61,A12,0,A101,A201,1,1
905,1,4151,A33,24,A152,2,A173,2,1,A143,A93,A73,3,A122,A42,A62,A14,1,A101,A201,1,1
906,0,5848,A32,36,A152,4,A173,1,1,A143,A93,A73,1,A123,A43,A61,A13,1,A101,A201,1,0
907,1,2439,A32,24,A152,4,A173,1,1,A143,A92,A72,4,A121,A43,A61,A11,0,A101,A201,0,1
908,1,2058,A34,24,A152,4,A173,2,1,A143,A91,A73,2,A121,A45,A61,A14,0,A101,A201,1,1
909,1,3578,A34,48,A152,4,A173,1,1,A143,A93,A75,1,A121,A43,A65,A14,0,A101,A201,1,1
910,1,1337,A30,9,A152,4,A174,2,1,A143,A93,A72,2,A123,A43,A61,A13,0,A101,A201,0,1
911,0,3016,A32,12,A152,3,A173,1,1,A143,A94,A73,1,A123,A43,A61,A13,1,A101,A201,1,0
912,1,1620,A32,12,A152,2,A173,1,1,A143,A92,A73,3,A122,A42,A61,A11,1,A102,A201,1,1
913,0,3650,A32,18,A151,1,A173,1,1,A143,A92,A72,4,A123,A42,A61,A11,1,A101,A201,1,0
914,1,8229,A32,36,A152,2,A173,1,2,A143,A93,A73,2,A122,A41,A61,A11,1,A101,A201,0,1
915,1,7763,A32,48,A153,4,A174,1,1,A141,A93,A75,4,A124,A40,A61,A11,1,A101,A201,0,1
916,1,2141,A32,12,A152,3,A173,1,1,A143,A93,A74,1,A124,A43,A62,A14,1,A101,A201,1,1
917,0,685,A32,12,A152,2,A172,1,1,A141,A94,A74,3,A123,A40,A61,A12,1,A101,A201,0,0
918,1,11054,A34,36,A152,4,A174,1,1,A143,A93,A73,2,A123,A41,A65,A14,0,A101,A201,1,1
919,1,1867,A32,30,A152,4,A173,1,1,A143,A93,A75,4,A123,A43,A65,A14,0,A101,A201,1,1
920,0,660,A32,6,A151,2,A172,1,1,A143,A94,A74,4,A121,A45,A63,A14,1,A101,A201,1,0
921,1,3416,A32,27,A152,3,A174,1,1,A143,A93,A73,2,A123,A43,A61,A11,1,A101,A201,1,1
922,1,1316,A34,15,A152,2,A172,2,1,A143,A94,A73,2,A122,A43,A63,A14,1,A101,A201,1,1
923,0,1845,A32,45,A153,4,A173,1,1,A143,A93,A73,4,A124,A43,A61,A11,0,A101,A201,0,0
924,1,4583,A30,30,A152,2,A173,2,1,A143,A91,A73,2,A121,A42,A61,A11,1,A103,A201,1,1
925,1,7418,A33,60,A152,1,A172,1,1,A143,A93,A73,1,A121,A43,A65,A12,1,A101,A201,1,1
926,1,9857,A33,36,A152,1,A172,2,2,A143,A93,A74,3,A122,A49,A62,A12,0,A101,A201,1,1
927,0,2996,A32,24,A152,2,A173,1,1,A143,A94,A73,4,A123,A42,A65,A11,1,A101,A201,0,0
928,1,6260,A32,18,A151,3,A172,1,1,A143,A93,A74,3,A121,A40,A61,A12,1,A101,A201,1,1
929,0,2214,A32,12,A152,4,A172,1,1,A143,A93,A73,3,A122,A43,A61,A11,1,A101,A201,1,0
930,1,2397,A32,24,A152,3,A173,2,1,A141,A93,A75,2,A123,A43,A63,A14,0,A101,A201,0,1
931,1,1414,A32,8,A152,4,A173,1,1,A143,A93,A73,2,A121,A43,A61,A12,1,A103,A202,1,1
932,1,5711,A34,36,A152,4,A174,2,1,A143,A93,A75,2,A123,A41,A64,A14,0,A101,A201,1,1
933,1,1424,A32,12,A152,3,A174,1,1,A143,A92,A75,4,A121,A42,A65,A13,0,A101,A201,1,1
934,0,9271,A32,36,A152,2,A173,1,1,A143,A93,A74,1,A123,A40,A61,A11,0,A101,A201,0,0
935,1,1358,A31,24,A152,4,A174,1,1,A142,A93,A75,3,A123,A410,A65,A11,0,A101,A201,0,1
936,1,1364,A32,9,A152,3,A173,1,1,A143,A93,A74,4,A121,A43,A61,A11,1,A101,A201,1,1
937,1,5117,A33,27,A152,3,A173,2,1,A143,A93,A74,4,A123,A49,A61,A14,1,A101,A201,1,1
938,0,1264,A31,15,A151,2,A173,1,1,A143,A94,A73,2,A122,A40,A62,A12,1,A101,A201,0,0
939,1,3777,A34,24,A152,4,A173,1,1,A143,A93,A73,4,A121,A42,A64,A14,0,A101,A201,1,1
940,1,1804,A34,12,A152,3,A173,1,1,A143,A93,A72,4,A122,A41,A62,A12,1,A101,A201,1,1
941,1,3931,A32,48,A153,4,A173,1,2,A143,A93,A74,4,A124,A40,A61,A11,1,A101,A201,0,1
942,1,2578,A32,12,A153,3,A174,1,1,A143,A92,A71,4,A124,A42,A61,A11,1,A101,A201,1,1
943,1,1829,A34,15,A152,4,A173,2,1,A143,A93,A75,4,A123,A43,A61,A14,0,A101,A201,1,1
944,0,3021,A32,24,A151,2,A172,1,1,A143,A91,A73,2,A121,A42,A61,A11,1,A101,A201,1,0
945,1,1409,A34,12,A152,4,A173,1,1,A143,A93,A75,3,A121,A41,A61,A11,1,A101,A201,1,1
946,1,1901,A32,24,A151,4,A174,1,1,A143,A93,A73,4,A123,A43,A62,A14,0,A101,A201,1,1
947,0,454,A32,6,A152,3,A172,1,1,A143,A94,A72,1,A122,A45,A61,A12,1,A101,A201,1,0
948,1,926,A34,12,A152,1,A171,1,1,A143,A92,A71,2,A122,A40,A61,A14,1,A101,A201,1,1
949,0,2406,A32,30,A151,4,A173,1,1,A143,A92,A74,4,A121,A42,A61,A11,1,A101,A201,0,0
950,1,1842,A32,36,A152,4,A173,1,1,A143,A92,A72,4,A123,A40,A61,A11,0,A101,A201,0,1
951,0,3149,A32,24,A153,4,A173,1,1,A141,A93,A72,1,A124,A42,A61,A11,1,A101,A201,1,0
952,1,8133,A32,36,A152,1,A173,1,1,A141,A92,A73,2,A122,A41,A61,A14,1,A101,A201,1,1
953,1,4454,A33,36,A152,4,A173,2,1,A143,A92,A73,4,A121,A43,A61,A14,1,A101,A201,1,1
954,1,1950,A32,18,A152,4,A173,2,1,A142,A93,A74,1,A123,A49,A61,A14,0,A101,A201,1,1
955,1,5742,A32,36,A152,2,A173,2,1,A143,A93,A74,2,A123,A49,A62,A14,0,A101,A201,1,1
956,1,1374,A32,6,A152,1,A172,1,1,A141,A93,A73,2,A121,A42,A61,A11,0,A101,A201,1,1
957,0,2124,A34,18,A151,4,A173,2,1,A143,A92,A73,4,A121,A42,A61,A11,1,A101,A201,0,0
958,1,3378,A32,18,A152,2,A173,1,1,A143,A93,A73,1,A122,A41,A65,A14,0,A101,A201,1,1
959,1,1311,A32,24,A152,4,A173,1,1,A143,A94,A74,3,A122,A43,A62,A14,0,A101,A201,1,1
960,1,2629,A33,20,A152,2,A173,2,1,A141,A93,A73,3,A123,A410,A61,A12,0,A101,A201,1,1
961,0,1835,A32,21,A152,3,A173,2,1,A143,A92,A73,2,A121,A43,A61,A11,0,A101,A201,0,0
962,1,6967,A33,24,A151,4,A174,1,1,A143,A93,A74,4,A123,A49,A62,A12,0,A101,A201,1,1
963,1,5371,A34,36,A152,3,A173,2,1,A143,A93,A73,2,A122,A42,A61,A11,1,A103,A201,1,1
964,1,759,A32,12,A152,4,A173,1,1,A143,A93,A74,2,A121,A40,A61,A11,1,A101,A201,0,1
965,1,3868,A34,24,A151,4,A174,2,1,A143,A92,A75,2,A123,A41,A61,A14,0,A101,A201,1,1
966,1,2096,A34,12,A152,2,A172,1,2,A143,A93,A74,3,A121,A46,A61,A14,1,A101,A201,1,1
967,1,4771,A33,11,A152,2,A173,1,1,A143,A93,A74,4,A122,A43,A61,A12,1,A101,A201,1,1
968,1,10961,A32,48,A152,1,A173,2,1,A141,A93,A74,2,A124,A43,A64,A12,0,A102,A201,0,1
969,1,2746,A31,36,A152,4,A173,1,1,A141,A93,A75,4,A123,A42,A61,A11,1,A101,A201,0,1
970,1,1155,A32,12,A152,3,A172,2,1,A141,A94,A75,3,A121,A43,A61,A12,1,A103,A201,1,1
971,1,1393,A32,24,A152,2,A173,1,1,A143,A93,A73,2,A121,A40,A61,A14,0,A103,A201,1,1
972,1,7409,A32,36,A152,3,A173,2,1,A143,A93,A75,2,A122,A49,A65,A14,1,A101,A201,1,1
973,1,6999,A32,48,A152,1,A173,2,1,A143,A94,A74,1,A121,A43,A61,A11,0,A103,A201,0,1
974,1,3499,A34,12,A152,3,A173,2,1,A143,A92,A73,2,A121,A40,A61,A11,1,A102,A201,0,1
975,1,1168,A32,12,A152,4,A172,1,1,A143,A94,A73,3,A121,A40,A61,A11,1,A101,A201,1,1
976,1,7166,A32,42,A151,2,A173,1,1,A143,A94,A74,4,A122,A43,A65,A14,0,A101,A201,1,1
977,1,5293,A30,27,A152,2,A173,2,1,A142,A93,A71,4,A122,A49,A61,A11,0,A101,A201,0,1
978,1,4817,A32,24,A152,2,A173,1,1,A143,A93,A74,3,A122,A40,A61,A11,0,A102,A201,0,1
979,1,936,A34,9,A152,4,A173,2,1,A143,A93,A75,2,A123,A46,A63,A14,0,A101,A201,1,1
980,1,6850,A31,15,A152,1,A174,1,2,A143,A93,A71,2,A122,A40,A62,A12,0,A101,A201,0,1
981,0,1207,A32,24,A151,4,A173,1,1,A143,A92,A72,4,A122,A40,A61,A11,1,A101,A201,0,0
982,1,1922,A32,12,A152,4,A172,1,1,A143,A93,A73,2,A122,A42,A61,A12,1,A101,A201,0,1
983,1,6872,A31,24,A152,2,A173,1,1,A141,A91,A72,1,A122,A42,A61,A11,0,A101,A201,0,1
984,1,1238,A32,6,A152,4,A174,1,2,A143,A93,A71,4,A122,A48,A65,A14,0,A101,A201,1,1
985,1,1602,A34,21,A152,4,A173,2,1,A143,A94,A75,3,A123,A40,A61,A11,0,A101,A201,1,1
986,1,2782,A32,21,A152,1,A174,1,1,A141,A92,A74,2,A123,A40,A63,A14,1,A101,A201,1,1
987,1,2284,A32,24,A152,4,A173,1,1,A143,A93,A74,2,A123,A43,A61,A14,0,A101,A201,1,1
988,1,3568,A32,15,A151,4,A174,1,1,A141,A92,A75,2,A123,A43,A61,A14,0,A101,A201,1,1
989,1,2899,A33,18,A152,4,A173,1,2,A143,A93,A75,4,A123,A40,A65,A12,1,A101,A201,1,1
990,1,2625,A34,16,A151,2,A173,1,1,A141,A93,A75,4,A122,A40,A61,A11,0,A103,A201,0,1
991,1,1076,A32,12,A152,2,A173,1,1,A143,A94,A73,2,A121,A49,A61,A14,0,A101,A202,1,1
992,1,1098,A34,18,A152,4,A171,2,1,A143,A92,A71,4,A123,A43,A61,A14,1,A101,A201,1,1
993,0,4605,A30,48,A153,3,A173,2,2,A143,A93,A75,4,A124,A41,A61,A11,1,A101,A201,0,0
994,1,2424,A34,24,A152,4,A173,2,1,A143,A93,A75,4,A122,A43,A65,A14,1,A101,A201,1,1
995,1,1295,A34,18,A152,4,A173,2,1,A143,A92,A72,1,A122,A42,A61,A12,1,A101,A201,1,1
996,1,2171,A34,12,A152,4,A172,2,1,A141,A93,A73,4,A122,A40,A61,A11,1,A101,A202,1,1
997,1,7966,A32,26,A152,2,A173,2,1,A143,A93,A72,3,A123,A41,A61,A12,1,A101,A201,1,1
998,1,1169,A34,6,A152,4,A173,2,1,A143,A93,A75,4,A121,A43,A65,A11,0,A101,A201,1,1
999,1,1418,A32,10,A151,3,A172,1,1,A143,A93,A73,2,A121,A40,A62,A14,1,A101,A202,1,1
