inputId,Status_of_existing_checking_account,Duration_in_month,Credit_history,Purpose,Credit_amount,Savings_account_bonds,Present_employment_since,Installment_rate_in_percentage_of_disposable_income,Personal_status_and_sex,_Other_debtors_or_guarantors,Present_residence_since,Property,Age_in_years,Other_installment_plans,Housing,Number_of_existing_credits_at_this_bank,Job,Number_of_people_being_liable_to_provide_maintenance_for,Telephone,foreign_worker,good_3_bad_2_customer,groups
0,A14,15,A31,A49,250,A63,A74,2,A91,A101,3,A123,1,A143,A152,2,A174,2,1,A201,1,1
1,A14,10,A34,A49,250,A63,A74,2,A94,A101,3,A123,1,A141,A151,2,A174,2,1,A201,1,1
2,A14,15,A34,A49,250,A63,A74,2,A91,A101,3,A123,1,A141,A152,2,A173,1,1,A201,1,1
3,A14,17,A31,A49,250,A63,A74,2,A91,A101,3,A123,1,A143,A152,2,A173,1,1,A201,1,1
4,A14,20,A32,A49,250,A63,A74,2,A91,A101,3,A122,1,A141,A151,2,A174,1,1,A201,1,1
5,A14,18,A31,A49,250,A63,A74,2,A94,A101,3,A123,1,A143,A152,2,A173,1,1,A201,1,1
6,A14,16,A31,A49,250,A63,A74,2,A91,A101,3,A123,1,A143,A152,2,A174,1,1,A201,1,1
7,A14,14,A31,A49,250,A63,A74,2,A94,A101,3,A123,1,A143,A152,2,A174,2,1,A201,1,1
8,A14,18,A34,A49,250,A63,A74,2,A91,A101,3,A123,1,A143,A152,2,A173,2,1,A201,1,1
9,A14,20,A34,A49,250,A63,A74,2,A91,A101,3,A123,0,A143,A152,2,A173,2,1,A201,1,0
10,A14,14,A34,A49,250,A63,A74,2,A91,A101,3,A123,0,A143,A152,2,A174,2,1,A201,1,0
11,A14,16,A34,A49,250,A63,A74,2,A93,A101,3,A122,1,A143,A152,2,A173,2,1,A201,1,1
12,A14,15,A34,A49,250,A63,A72,2,A91,A101,3,A122,1,A141,A152,2,A174,1,1,A201,1,1
13,A14,14,A31,A49,250,A63,A74,2,A94,A101,3,A123,1,A143,A152,2,A173,2,1,A201,1,1
14,A14,17,A31,A49,250,A63,A74,2,A94,A101,3,A122,1,A143,A152,2,A173,1,1,A201,1,1
15,A14,13,A31,A49,250,A61,A74,2,A91,A101,3,A123,1,A143,A152,2,A173,2,1,A201,1,1
16,A14,15,A34,A49,250,A63,A74,2,A91,A101,3,A123,1,A143,A152,2,A174,2,1,A201,1,1
17,A14,16,A31,A49,250,A63,A74,2,A91,A101,3,A123,1,A143,A152,2,A174,1,1,A201,1,1
18,A14,15,A34,A49,250,A62,A74,2,A91,A101,3,A123,1,A143,A152,2,A174,2,1,A201,1,1
19,A14,17,A31,A49,250,A63,A74,2,A91,A101,3,A123,1,A143,A152,2,A174,2,1,A201,1,1
20,A14,16,A34,A49,250,A63,A74,2,A91,A101,3,A123,0,A143,A152,2,A173,2,1,A201,1,0
21,A14,14,A31,A49,250,A63,A75,2,A94,A101,3,A123,1,A143,A152,2,A173,2,1,A201,1,1
22,A14,15,A31,A49,250,A63,A75,2,A91,A101,3,A123,0,A143,A152,2,A173,2,1,A201,1,0
23,A14,20,A34,A49,250,A63,A74,2,A91,A101,3,A123,0,A143,A152,2,A174,2,1,A201,1,0
24,A14,16,A34,A49,250,A61,A74,2,A91,A101,3,A123,1,A143,A152,2,A174,2,1,A201,1,1
25,A14,19,A31,A49,250,A63,A74,2,A94,A101,3,A122,1,A143,A151,2,A173,1,1,A201,1,1
26,A14,17,A31,A49,250,A63,A74,2,A94,A101,3,A123,1,A141,A151,2,A173,1,1,A201,1,1
27,A14,18,A31,A49,250,A63,A74,2,A91,A101,3,A123,1,A143,A152,2,A173,1,1,A201,1,1
28,A14,21,A32,A49,250,A63,A74,2,A94,A101,3,A122,1,A141,A152,2,A173,1,1,A201,1,1
29,A14,19,A31,A49,250,A63,A74,2,A91,A101,3,A123,0,A143,A152,2,A174,1,1,A201,1,0
30,A14,21,A31,A49,250,A63,A74,2,A91,A101,3,A123,1,A143,A152,2,A173,1,1,A201,1,1
31,A14,20,A34,A49,250,A63,A74,2,A91,A101,3,A123,0,A143,A152,2,A174,1,1,A201,1,0
32,A14,17,A34,A49,250,A63,A74,2,A91,A101,3,A122,1,A141,A152,1,A173,1,1,A201,1,1
33,A14,13,A31,A49,250,A63,A74,2,A93,A101,3,A123,1,A143,A151,2,A173,1,1,A201,1,1
34,A14,15,A34,A49,250,A63,A74,2,A94,A101,3,A123,1,A143,A152,2,A173,1,1,A201,1,1
35,A14,12,A34,A49,250,A63,A75,2,A93,A101,3,A122,1,A141,A151,2,A174,1,1,A201,1,1
36,A14,13,A31,A49,250,A63,A74,2,A94,A101,3,A123,1,A143,A152,2,A174,1,1,A201,1,1
37,A14,18,A34,A49,250,A63,A74,2,A91,A101,3,A122,1,A143,A152,2,A173,1,1,A201,1,1
38,A14,11,A34,A49,250,A63,A74,2,A91,A101,3,A123,1,A141,A152,2,A174,2,1,A201,1,1
39,A14,17,A34,A49,250,A63,A74,2,A91,A101,3,A123,0,A143,A152,2,A174,2,1,A201,1,0
40,A14,17,A31,A49,250,A63,A74,2,A91,A101,3,A122,1,A143,A152,2,A173,1,1,A201,1,1
41,A14,17,A34,A49,250,A63,A74,2,A94,A101,3,A122,1,A141,A152,2,A173,1,1,A201,1,1
42,A14,18,A31,A49,250,A63,A74,2,A94,A101,3,A122,1,A143,A151,2,A173,1,1,A201,1,1
43,A14,19,A31,A49,250,A63,A74,2,A93,A101,3,A122,0,A143,A152,2,A173,1,1,A201,1,0
44,A14,18,A34,A49,250,A63,A74,2,A91,A101,3,A123,1,A143,A152,2,A173,1,1,A201,1,1
45,A14,14,A34,A49,250,A63,A74,2,A91,A101,3,A123,0,A143,A152,2,A174,2,1,A201,1,0
46,A14,18,A32,A49,250,A63,A74,2,A91,A101,3,A123,1,A143,A151,2,A173,1,1,A201,1,1
47,A14,18,A34,A49,250,A63,A74,2,A91,A101,3,A122,1,A141,A152,2,A173,1,1,A201,1,1
48,A14,17,A32,A49,250,A63,A74,2,A94,A101,3,A123,1,A143,A152,2,A174,1,1,A201,1,1
49,A14,13,A31,A49,250,A63,A74,2,A94,A101,3,A123,1,A141,A152,2,A173,2,1,A201,1,1
50,A14,20,A32,A49,250,A63,A74,2,A94,A101,3,A122,1,A143,A151,2,A173,1,1,A201,1,1
51,A14,18,A34,A49,250,A63,A74,2,A91,A101,3,A123,0,A143,A152,2,A174,2,1,A201,1,0
52,A14,16,A31,A49,250,A63,A74,2,A94,A101,3,A123,1,A143,A152,2,A174,2,1,A201,1,1
53,A14,19,A31,A49,250,A63,A74,2,A91,A101,3,A123,1,A143,A152,2,A173,1,1,A201,1,1
54,A14,18,A34,A49,250,A63,A74,2,A91,A101,3,A122,1,A143,A152,2,A173,1,1,A201,1,1
55,A14,16,A34,A49,250,A63,A74,2,A94,A101,3,A122,0,A141,A152,2,A173,1,1,A201,1,0
56,A14,16,A34,A49,250,A63,A74,2,A94,A101,3,A123,1,A143,A152,2,A173,2,1,A201,1,1
57,A14,15,A31,A49,250,A63,A74,2,A91,A101,3,A122,1,A143,A152,2,A174,2,1,A201,1,1
58,A14,17,A31,A49,250,A63,A74,2,A91,A101,3,A123,1,A143,A152,2,A174,2,1,A201,1,1
59,A14,16,A31,A49,250,A63,A74,2,A91,A101,3,A123,1,A143,A152,2,A174,2,1,A201,1,1
60,A14,18,A31,A49,250,A63,A74,2,A94,A101,3,A122,1,A143,A151,2,A173,1,1,A201,1,1
61,A14,12,A34,A49,250,A63,A74,2,A94,A101,3,A122,1,A141,A151,2,A173,1,1,A201,1,1
62,A14,16,A32,A49,250,A63,A74,2,A94,A101,3,A123,0,A143,A151,2,A174,1,1,A201,1,0
63,A14,15,A32,A49,250,A63,A74,2,A91,A101,3,A123,1,A143,A152,2,A174,2,1,A201,1,1
64,A14,17,A31,A49,250,A63,A74,2,A91,A101,3,A122,0,A141,A152,2,A173,1,1,A201,1,0
65,A14,17,A34,A49,250,A63,A74,2,A91,A101,3,A122,0,A141,A152,2,A173,1,1,A201,1,0
66,A14,15,A34,A49,250,A63,A74,2,A94,A101,3,A123,0,A141,A152,2,A174,2,1,A201,1,0
67,A14,16,A34,A49,250,A61,A74,2,A91,A101,3,A123,1,A141,A152,1,A173,1,1,A201,1,1
68,A14,17,A34,A49,250,A63,A74,2,A91,A101,3,A123,0,A143,A152,2,A174,1,1,A201,1,0
69,A14,14,A31,A49,250,A63,A74,2,A91,A101,3,A123,1,A141,A151,2,A174,1,1,A201,1,1
70,A14,18,A32,A49,250,A62,A75,2,A91,A101,3,A123,0,A143,A152,2,A173,1,1,A201,1,0
71,A14,19,A31,A49,250,A63,A74,2,A91,A101,3,A122,1,A143,A151,2,A173,2,1,A201,1,1
72,A14,14,A31,A49,250,A63,A74,2,A93,A101,3,A123,1,A141,A152,2,A174,1,1,A201,1,1
73,A14,16,A34,A49,250,A63,A74,2,A91,A101,3,A123,1,A141,A152,2,A174,2,1,A201,1,1
74,A14,20,A34,A49,250,A63,A74,2,A91,A101,3,A123,1,A143,A152,2,A173,1,1,A201,1,1
75,A14,11,A34,A49,250,A63,A74,2,A91,A101,3,A122,1,A141,A151,1,A174,1,1,A201,1,1
76,A14,20,A34,A49,250,A63,A74,2,A91,A101,3,A122,1,A141,A152,2,A173,1,1,A201,1,1
77,A14,16,A34,A49,250,A63,A74,2,A91,A101,3,A123,1,A143,A152,2,A174,2,1,A201,1,1
78,A14,16,A31,A49,250,A63,A74,2,A91,A101,3,A123,1,A143,A152,2,A173,2,1,A201,1,1
79,A14,13,A34,A49,250,A63,A74,2,A91,A101,3,A123,1,A141,A151,2,A174,1,1,A201,1,1
80,A14,19,A31,A49,250,A63,A74,2,A91,A101,3,A123,1,A143,A152,2,A173,2,1,A201,1,1
81,A14,16,A31,A49,250,A63,A74,2,A94,A101,3,A123,1,A143,A151,2,A173,1,1,A201,1,1
82,A14,12,A34,A49,250,A61,A74,2,A91,A101,2,A123,1,A143,A151,2,A173,2,1,A201,1,1
83,A14,19,A34,A49,250,A63,A74,2,A91,A101,3,A123,1,A143,A152,2,A173,2,1,A201,1,1
84,A14,18,A34,A49,250,A63,A74,2,A91,A101,3,A123,1,A141,A152,2,A174,1,1,A201,1,1
85,A14,12,A34,A49,250,A63,A74,2,A94,A101,3,A123,1,A143,A152,2,A174,1,1,A201,1,1
86,A14,17,A31,A49,250,A63,A74,2,A91,A101,3,A123,1,A143,A152,2,A173,1,1,A201,1,1
87,A14,18,A31,A49,250,A63,A74,2,A93,A101,3,A122,1,A143,A152,2,A173,1,1,A201,1,1
88,A14,15,A34,A49,250,A63,A74,2,A91,A101,3,A123,1,A141,A152,2,A174,2,1,A201,1,1
89,A14,19,A31,A49,250,A63,A74,2,A91,A101,3,A122,1,A141,A152,2,A174,1,1,A201,1,1
90,A14,17,A34,A49,250,A63,A74,2,A91,A101,3,A123,1,A141,A152,2,A174,2,1,A201,1,1
91,A14,13,A31,A49,250,A63,A74,2,A94,A101,3,A123,1,A143,A152,2,A174,1,1,A201,1,1
92,A14,17,A34,A49,250,A63,A74,2,A94,A101,3,A123,0,A143,A152,2,A174,1,1,A201,1,0
93,A14,13,A31,A49,250,A63,A74,2,A94,A101,3,A123,1,A141,A151,2,A173,2,1,A201,1,1
94,A14,18,A32,A49,250,A61,A74,2,A94,A101,3,A123,0,A143,A151,2,A173,2,1,A201,1,0
95,A14,12,A34,A49,250,A63,A74,2,A91,A101,3,A123,1,A141,A152,1,A174,1,1,A201,1,1
96,A14,15,A34,A49,250,A63,A74,2,A93,A101,3,A123,1,A141,A151,2,A173,1,1,A201,1,1
97,A14,22,A32,A49,250,A61,A74,2,A91,A101,3,A123,1,A143,A152,2,A174,2,1,A201,1,1
98,A14,19,A34,A49,250,A63,A74,2,A91,A101,3,A123,1,A143,A152,2,A173,1,1,A201,1,1
99,A14,17,A31,A49,250,A63,A74,2,A91,A101,3,A123,1,A143,A151,2,A173,1,1,A201,1,1
100,A14,18,A32,A49,250,A61,A75,2,A91,A101,3,A122,1,A143,A152,2,A173,1,1,A201,1,1
101,A14,17,A34,A49,250,A63,A74,2,A91,A101,3,A123,0,A143,A152,2,A174,2,1,A201,1,0
102,A14,19,A34,A49,250,A62,A74,2,A91,A101,3,A123,1,A141,A152,2,A174,2,1,A201,1,1
103,A14,15,A34,A49,250,A63,A74,2,A94,A101,3,A123,0,A141,A151,2,A174,2,1,A201,1,0
104,A14,15,A34,A49,250,A63,A74,2,A91,A101,3,A123,0,A143,A152,2,A174,2,1,A201,1,0
105,A14,17,A34,A49,250,A63,A74,2,A91,A101,3,A123,1,A143,A152,2,A173,1,1,A201,1,1
106,A14,15,A32,A49,250,A63,A74,2,A91,A101,2,A123,1,A143,A151,2,A173,1,1,A201,1,1
107,A14,15,A31,A49,250,A63,A74,2,A91,A101,3,A122,1,A143,A152,2,A174,1,1,A201,1,1
108,A14,15,A34,A49,250,A63,A74,2,A91,A101,3,A123,0,A143,A152,2,A174,2,1,A201,1,0
109,A14,19,A34,A49,250,A63,A74,2,A91,A101,3,A123,1,A141,A152,2,A173,1,1,A201,1,1
110,A14,16,A34,A49,250,A62,A74,2,A91,A101,3,A123,1,A143,A152,2,A174,2,1,A201,1,1
111,A14,19,A32,A49,250,A63,A74,2,A94,A101,3,A123,1,A143,A152,2,A173,2,1,A201,1,1
112,A14,18,A31,A49,250,A63,A75,2,A91,A101,3,A122,1,A143,A151,2,A173,1,1,A201,1,1
113,A14,19,A34,A49,250,A63,A74,2,A91,A101,3,A123,1,A141,A152,2,A173,1,1,A201,1,1
114,A14,17,A32,A49,250,A63,A75,2,A94,A101,3,A123,1,A143,A152,2,A173,1,1,A201,1,1
115,A14,13,A34,A49,250,A63,A74,2,A91,A101,3,A123,1,A143,A151,2,A174,1,1,A201,1,1
116,A14,19,A32,A49,250,A63,A74,2,A91,A101,3,A122,1,A143,A152,2,A173,1,1,A201,1,1
117,A14,17,A31,A49,250,A63,A74,2,A91,A101,3,A123,1,A143,A152,2,A174,2,1,A201,1,1
118,A14,14,A31,A49,250,A63,A74,2,A94,A101,3,A123,1,A141,A152,2,A174,1,1,A201,1,1
119,A14,18,A34,A49,250,A63,A74,2,A91,A101,3,A123,1,A141,A152,1,A174,2,1,A201,1,1
120,A14,14,A34,A49,250,A64,A74,2,A91,A101,3,A123,1,A143,A151,2,A174,1,1,A201,1,1
121,A14,20,A34,A49,250,A63,A74,2,A91,A101,3,A122,1,A141,A152,2,A174,1,1,A201,1,1
122,A14,17,A31,A49,250,A63,A74,2,A91,A101,3,A122,1,A143,A152,2,A173,1,1,A201,1,1
123,A14,14,A31,A49,250,A63,A74,2,A91,A101,3,A123,1,A143,A152,2,A174,1,1,A201,1,1
124,A14,16,A31,A49,250,A63,A74,2,A91,A101,3,A123,0,A143,A151,2,A174,1,1,A201,1,0
125,A14,18,A31,A49,250,A63,A74,2,A91,A101,3,A122,1,A141,A152,1,A174,1,1,A201,1,1
126,A14,21,A32,A49,250,A63,A74,2,A91,A101,3,A123,0,A143,A152,2,A174,1,1,A201,1,0
127,A14,17,A32,A49,250,A63,A74,2,A94,A101,3,A122,1,A141,A152,2,A173,1,1,A201,1,1
128,A14,19,A31,A49,250,A63,A74,2,A91,A101,3,A122,1,A143,A152,2,A173,1,1,A201,1,1
129,A14,17,A31,A49,250,A63,A74,2,A91,A101,3,A123,1,A143,A152,2,A174,1,1,A201,1,1
130,A14,17,A31,A49,250,A61,A74,2,A94,A101,3,A123,1,A143,A151,2,A173,1,1,A201,1,1
131,A14,20,A32,A49,250,A63,A74,2,A91,A101,3,A123,1,A143,A152,2,A174,1,1,A201,1,1
132,A14,16,A34,A49,250,A63,A74,2,A91,A101,3,A123,1,A143,A152,2,A174,1,1,A201,1,1
133,A14,16,A34,A49,250,A63,A74,2,A94,A101,3,A122,1,A141,A151,2,A173,1,1,A201,1,1
134,A14,18,A31,A49,250,A61,A74,2,A93,A101,3,A123,1,A143,A151,2,A173,1,1,A201,1,1
135,A14,17,A32,A49,250,A63,A75,2,A94,A101,3,A122,0,A143,A152,2,A173,1,1,A201,1,0
136,A14,12,A34,A49,250,A63,A74,2,A94,A101,3,A123,1,A141,A152,2,A174,2,1,A201,1,1
137,A14,17,A31,A49,250,A63,A74,2,A91,A101,3,A123,0,A143,A152,2,A174,2,1,A201,1,0
138,A14,14,A34,A49,250,A63,A74,2,A91,A101,3,A123,1,A143,A151,2,A174,1,1,A201,1,1
139,A14,19,A31,A49,250,A63,A74,2,A91,A101,3,A123,0,A143,A152,2,A174,1,1,A201,1,0
140,A14,15,A34,A49,250,A63,A74,2,A94,A101,3,A123,0,A143,A152,2,A174,2,1,A201,1,0
141,A14,17,A31,A49,250,A61,A74,2,A91,A101,3,A123,1,A143,A152,2,A174,2,1,A201,1,1
142,A14,17,A34,A49,250,A63,A75,2,A91,A101,3,A122,1,A141,A152,2,A174,1,1,A201,1,1
143,A14,17,A34,A49,250,A63,A74,2,A94,A101,3,A122,1,A143,A152,2,A173,1,1,A201,1,1
144,A14,17,A34,A49,250,A63,A74,2,A91,A101,3,A123,1,A141,A152,2,A173,1,1,A201,1,1
145,A14,14,A31,A49,250,A63,A74,2,A93,A101,3,A122,1,A143,A151,2,A173,1,1,A201,1,1
146,A14,14,A31,A49,250,A63,A74,2,A94,A101,3,A123,1,A143,A152,2,A174,2,1,A201,1,1
147,A14,18,A34,A49,250,A62,A74,2,A91,A101,3,A123,1,A143,A152,2,A174,2,1,A201,1,1
148,A14,17,A34,A49,250,A63,A74,2,A91,A101,3,A123,1,A143,A152,2,A173,2,1,A201,1,1
149,A14,20,A31,A49,250,A63,A74,2,A94,A101,3,A123,1,A141,A152,2,A174,1,1,A201,1,1
150,A14,14,A31,A49,250,A63,A74,2,A93,A101,3,A123,1,A143,A152,2,A173,2,1,A201,1,1
151,A14,17,A34,A49,250,A63,A74,2,A91,A101,3,A123,1,A143,A152,2,A174,2,1,A201,1,1
152,A14,16,A34,A49,250,A63,A74,2,A91,A101,3,A123,1,A143,A152,2,A174,1,1,A201,1,1
153,A14,21,A31,A49,250,A63,A74,2,A91,A101,3,A123,1,A143,A152,2,A173,2,1,A201,1,1
154,A14,18,A31,A49,250,A63,A74,2,A91,A101,3,A123,1,A143,A152,2,A173,1,1,A201,1,1
155,A14,17,A31,A49,250,A63,A74,2,A91,A101,3,A123,1,A143,A152,2,A173,1,1,A201,1,1
156,A14,14,A31,A49,250,A63,A74,2,A91,A101,3,A123,1,A141,A152,2,A174,1,1,A201,1,1
157,A14,16,A34,A49,250,A63,A74,2,A91,A101,3,A123,1,A143,A152,2,A174,1,1,A201,1,1
158,A14,18,A32,A49,250,A63,A74,2,A94,A101,3,A123,0,A143,A152,2,A173,2,1,A201,1,0
159,A14,17,A34,A49,250,A63,A74,2,A91,A101,3,A123,0,A143,A152,2,A174,1,1,A201,1,0
160,A14,15,A31,A49,250,A63,A74,2,A94,A101,3,A122,1,A143,A152,2,A173,2,1,A201,1,1
161,A14,14,A31,A49,250,A63,A74,3,A94,A101,3,A122,1,A143,A151,2,A173,2,1,A201,1,1
162,A14,14,A34,A49,250,A63,A75,2,A94,A101,3,A122,1,A143,A151,2,A173,1,1,A201,1,1
163,A14,16,A31,A49,250,A63,A74,2,A94,A101,3,A122,1,A143,A152,2,A173,1,1,A201,1,1
164,A14,18,A31,A49,250,A62,A74,2,A91,A101,3,A122,1,A143,A152,2,A173,1,1,A201,1,1
165,A14,18,A31,A49,250,A63,A74,2,A94,A101,3,A122,0,A143,A151,2,A173,1,1,A201,1,0
166,A14,16,A34,A49,250,A63,A74,2,A91,A101,3,A123,1,A141,A152,2,A174,2,1,A201,1,1
167,A14,15,A34,A49,250,A63,A72,2,A91,A101,3,A122,1,A143,A152,2,A173,1,1,A201,1,1
168,A14,16,A31,A49,250,A63,A74,2,A91,A101,3,A123,1,A143,A152,2,A174,2,1,A201,1,1
169,A14,18,A34,A49,250,A63,A74,2,A91,A101,3,A123,0,A143,A152,2,A174,2,1,A201,1,0
170,A14,17,A31,A49,250,A63,A74,2,A93,A101,3,A122,1,A143,A152,2,A173,1,1,A201,1,1
171,A14,19,A34,A49,250,A63,A74,2,A91,A101,3,A123,1,A141,A152,2,A174,1,1,A201,1,1
172,A14,17,A34,A49,250,A63,A74,2,A94,A101,3,A123,0,A141,A152,2,A173,1,1,A201,1,0
173,A14,18,A34,A49,250,A63,A75,2,A91,A101,3,A122,1,A143,A152,2,A173,1,1,A201,1,1
174,A14,13,A31,A49,250,A63,A74,2,A91,A101,3,A123,1,A143,A151,2,A173,1,1,A201,1,1
175,A14,16,A31,A49,250,A63,A74,2,A91,A101,3,A123,1,A143,A152,2,A174,2,1,A201,1,1
176,A14,18,A31,A49,250,A61,A74,2,A91,A101,3,A123,1,A143,A152,2,A173,1,1,A201,1,1
177,A14,19,A34,A49,250,A62,A74,2,A91,A101,3,A123,1,A143,A152,2,A173,1,1,A201,1,1
178,A14,18,A31,A49,250,A63,A74,2,A91,A101,3,A123,1,A141,A152,2,A174,1,1,A201,1,1
179,A14,19,A34,A49,250,A63,A74,2,A91,A101,3,A123,1,A143,A152,2,A173,1,1,A201,1,1
180,A14,13,A34,A49,250,A63,A74,2,A91,A101,3,A123,1,A141,A151,2,A174,2,1,A201,1,1
181,A14,18,A31,A49,250,A63,A74,2,A91,A101,3,A122,1,A143,A151,2,A173,2,1,A201,1,1
182,A14,20,A32,A49,250,A63,A74,2,A91,A101,3,A123,1,A143,A152,2,A173,1,1,A201,1,1
183,A14,17,A34,A49,250,A63,A74,2,A94,A101,3,A123,1,A141,A152,2,A174,2,1,A201,1,1
184,A14,17,A34,A49,250,A62,A72,2,A91,A101,3,A123,1,A143,A152,2,A173,1,1,A201,1,1
185,A14,13,A34,A49,250,A63,A74,2,A94,A101,3,A122,1,A141,A152,2,A174,1,1,A201,1,1
186,A14,14,A31,A49,250,A62,A74,2,A91,A101,3,A123,0,A143,A152,2,A174,2,1,A201,1,0
187,A14,17,A31,A49,250,A63,A74,3,A91,A101,3,A123,1,A141,A152,2,A174,2,1,A201,1,1
188,A14,14,A34,A49,250,A63,A74,2,A94,A101,3,A123,1,A143,A152,2,A174,2,1,A201,1,1
189,A14,18,A34,A49,250,A63,A74,2,A94,A101,3,A123,1,A141,A152,2,A173,1,1,A201,1,1
190,A14,16,A34,A49,250,A63,A72,2,A91,A101,3,A123,1,A143,A152,2,A174,2,1,A201,1,1
191,A14,14,A34,A49,250,A63,A74,2,A91,A101,3,A123,0,A143,A152,2,A174,2,1,A201,1,0
192,A14,18,A34,A49,250,A63,A74,2,A91,A101,3,A123,0,A143,A152,2,A173,2,1,A201,1,0
193,A14,19,A34,A49,250,A63,A74,2,A91,A101,3,A123,1,A143,A152,2,A173,1,1,A201,1,1
194,A14,16,A31,A49,250,A63,A74,2,A94,A101,3,A122,1,A143,A152,2,A173,2,1,A201,1,1
195,A14,15,A34,A49,250,A63,A74,2,A91,A101,3,A122,1,A143,A151,2,A173,1,1,A201,1,1
196,A14,16,A32,A49,250,A63,A74,2,A94,A101,3,A123,1,A143,A152,2,A173,1,1,A201,1,1
197,A14,14,A31,A49,250,A63,A74,2,A91,A101,3,A123,1,A143,A152,2,A174,2,1,A201,1,1
198,A14,14,A31,A49,250,A63,A74,2,A94,A101,3,A122,1,A141,A152,2,A174,2,1,A201,1,1
199,A14,12,A31,A49,250,A63,A75,2,A91,A101,3,A123,1,A143,A152,2,A174,2,1,A201,1,1
200,A14,16,A31,A49,250,A63,A75,2,A94,A101,3,A123,0,A141,A152,2,A173,1,1,A201,1,0
201,A14,15,A31,A49,250,A61,A74,2,A91,A101,3,A123,1,A143,A152,2,A173,1,1,A201,1,1
202,A14,16,A34,A49,250,A63,A74,2,A94,A101,3,A122,0,A141,A152,2,A174,1,1,A201,1,0
203,A14,19,A34,A49,250,A63,A74,2,A91,A101,3,A122,0,A143,A152,2,A173,1,1,A201,1,0
204,A14,18,A31,A49,250,A63,A74,2,A94,A101,3,A123,1,A143,A152,2,A174,1,1,A201,1,1
205,A14,16,A34,A49,250,A63,A74,2,A94,A101,3,A123,1,A141,A152,2,A174,1,1,A201,1,1
206,A14,21,A31,A49,250,A63,A74,2,A91,A101,3,A123,1,A143,A151,2,A173,1,1,A201,1,1
207,A14,17,A32,A49,250,A63,A74,2,A91,A101,3,A122,1,A143,A151,2,A173,1,1,A201,1,1
208,A14,19,A31,A49,250,A63,A74,2,A91,A101,3,A123,1,A143,A152,2,A174,2,1,A201,1,1
209,A14,11,A31,A49,250,A63,A74,2,A94,A101,3,A123,1,A143,A152,2,A174,2,1,A201,1,1
210,A14,19,A31,A49,250,A63,A74,2,A91,A101,3,A123,1,A143,A152,2,A173,2,1,A201,1,1
211,A14,17,A32,A49,250,A63,A75,2,A92,A101,3,A123,1,A143,A152,2,A173,1,1,A201,1,1
212,A14,18,A31,A49,250,A63,A74,2,A91,A101,3,A123,1,A143,A152,2,A174,1,1,A201,1,1
213,A14,19,A34,A49,250,A63,A74,2,A91,A101,3,A123,1,A141,A152,2,A173,1,1,A201,1,1
214,A14,18,A31,A49,250,A63,A74,2,A91,A101,3,A123,1,A143,A152,2,A174,1,1,A201,1,1
215,A14,17,A32,A49,250,A63,A74,2,A91,A101,3,A123,0,A143,A152,2,A174,2,1,A201,1,0
216,A14,16,A32,A49,250,A63,A74,2,A91,A101,3,A123,1,A141,A152,2,A174,1,1,A201,1,1
217,A14,16,A34,A49,250,A61,A74,2,A91,A101,3,A123,0,A143,A151,2,A174,2,1,A201,1,0
218,A14,16,A31,A49,250,A63,A74,2,A91,A101,3,A122,1,A143,A151,2,A173,1,1,A201,1,1
219,A14,17,A32,A49,250,A63,A74,2,A94,A101,3,A123,1,A141,A151,2,A173,1,1,A201,1,1
220,A14,15,A31,A49,250,A63,A74,2,A91,A101,3,A123,1,A143,A151,2,A173,2,1,A201,1,1
221,A14,13,A34,A49,250,A63,A74,2,A91,A101,3,A123,1,A141,A152,2,A174,2,1,A201,1,1
222,A14,15,A34,A49,250,A63,A75,2,A93,A101,3,A122,1,A143,A151,2,A173,1,1,A201,1,1
223,A14,18,A31,A49,250,A63,A74,2,A94,A101,3,A122,1,A143,A151,2,A173,1,1,A201,1,1
224,A14,17,A32,A49,250,A63,A74,2,A91,A101,3,A123,1,A143,A152,2,A173,1,1,A201,1,1
225,A14,18,A34,A49,250,A63,A74,2,A91,A101,3,A123,0,A143,A152,2,A173,2,1,A201,1,0
226,A14,14,A34,A49,250,A63,A74,2,A94,A101,3,A123,1,A143,A152,2,A174,2,1,A201,1,1
227,A14,16,A34,A49,250,A63,A72,2,A91,A101,3,A122,1,A143,A152,2,A173,1,1,A201,1,1
228,A14,18,A32,A49,250,A63,A74,2,A91,A101,3,A123,1,A143,A152,2,A174,2,1,A201,1,1
229,A14,19,A32,A49,250,A61,A74,2,A91,A101,3,A123,1,A143,A152,2,A173,2,1,A201,1,1
230,A14,17,A31,A49,250,A63,A74,2,A91,A101,3,A123,1,A143,A152,2,A173,2,1,A201,1,1
231,A14,21,A31,A49,250,A63,A74,2,A91,A101,3,A122,1,A143,A152,2,A173,1,1,A201,1,1
232,A14,15,A34,A49,250,A63,A74,2,A91,A101,3,A123,1,A143,A152,2,A174,2,1,A201,1,1
233,A14,21,A34,A49,250,A63,A74,2,A91,A101,3,A123,1,A141,A152,2,A174,1,1,A201,1,1
234,A14,16,A31,A49,250,A63,A74,2,A91,A101,3,A123,1,A143,A152,2,A173,2,1,A201,1,1
235,A14,17,A31,A49,250,A63,A74,2,A91,A101,3,A123,1,A143,A152,2,A174,1,1,A201,1,1
236,A14,14,A34,A49,250,A63,A74,2,A91,A101,3,A123,1,A143,A152,2,A174,1,1,A201,1,1
237,A14,15,A31,A49,250,A63,A74,2,A91,A101,3,A122,1,A143,A152,2,A174,1,1,A201,1,1
238,A14,18,A34,A49,250,A63,A74,2,A91,A101,3,A123,0,A141,A152,2,A174,2,1,A201,1,0
239,A14,17,A34,A49,250,A63,A74,2,A91,A101,3,A123,1,A143,A152,2,A174,2,1,A201,1,1
240,A14,15,A34,A49,250,A63,A72,2,A91,A101,3,A122,1,A143,A152,2,A173,1,1,A201,1,1
241,A14,17,A34,A49,250,A63,A74,2,A94,A101,3,A123,1,A143,A152,2,A173,1,1,A201,1,1
242,A14,17,A31,A49,250,A63,A74,2,A91,A101,3,A123,1,A143,A152,2,A174,2,1,A201,1,1
243,A14,15,A34,A49,250,A63,A74,2,A91,A101,3,A122,1,A143,A151,2,A173,1,1,A201,1,1
244,A14,13,A34,A49,250,A63,A72,2,A94,A101,3,A123,1,A143,A152,2,A173,2,1,A201,1,1
245,A14,15,A31,A49,250,A63,A74,2,A94,A101,3,A123,1,A141,A152,2,A174,2,1,A201,1,1
246,A14,20,A32,A49,250,A63,A74,2,A91,A101,3,A123,1,A143,A152,2,A174,1,1,A201,1,1
247,A14,16,A31,A49,250,A63,A74,2,A91,A101,3,A123,1,A141,A152,2,A174,1,1,A201,1,1
248,A14,13,A31,A49,250,A63,A74,2,A91,A101,3,A123,1,A143,A152,2,A174,1,1,A201,1,1
249,A14,18,A32,A49,250,A63,A74,2,A91,A101,3,A123,1,A143,A152,2,A173,1,1,A201,1,1
250,A14,14,A34,A49,250,A61,A72,2,A91,A101,3,A123,1,A143,A151,2,A173,2,1,A201,1,1
251,A14,15,A34,A49,250,A63,A74,2,A94,A101,3,A122,1,A141,A152,2,A173,1,1,A201,1,1
252,A14,18,A34,A49,250,A63,A74,2,A91,A101,3,A123,0,A141,A152,1,A173,2,1,A201,1,0
253,A14,14,A31,A49,250,A63,A75,2,A93,A101,3,A122,1,A143,A152,2,A173,1,1,A201,1,1
254,A14,19,A34,A49,250,A63,A74,2,A91,A101,3,A123,1,A141,A152,2,A173,1,1,A201,1,1
255,A14,14,A34,A49,250,A63,A72,2,A94,A101,3,A122,1,A143,A152,2,A173,1,1,A201,1,1
256,A14,15,A34,A49,250,A63,A74,2,A91,A101,3,A123,1,A141,A152,2,A174,1,1,A201,1,1
257,A14,15,A34,A49,250,A63,A74,2,A91,A101,3,A123,1,A143,A151,1,A174,1,1,A201,1,1
258,A14,16,A31,A49,250,A63,A74,2,A91,A101,3,A123,0,A141,A152,2,A174,1,1,A201,1,0
259,A14,16,A31,A49,250,A63,A74,2,A91,A101,3,A123,1,A143,A152,2,A173,2,1,A201,1,1
260,A14,18,A32,A49,250,A63,A74,2,A91,A101,3,A123,0,A143,A152,2,A174,1,1,A201,1,0
261,A14,18,A34,A49,250,A63,A74,2,A91,A101,3,A123,0,A141,A152,2,A174,1,1,A201,1,0
262,A14,12,A34,A49,250,A63,A74,2,A94,A101,3,A123,1,A141,A152,2,A174,2,1,A201,1,1
263,A14,15,A34,A49,250,A63,A74,2,A91,A101,3,A123,1,A143,A152,2,A173,1,1,A201,1,1
264,A14,10,A34,A49,250,A63,A74,2,A94,A101,3,A123,1,A143,A152,2,A174,2,1,A201,1,1
265,A14,17,A31,A49,250,A63,A74,2,A91,A101,3,A123,1,A143,A151,2,A173,1,1,A201,1,1
266,A14,16,A34,A49,250,A63,A74,2,A91,A101,3,A123,1,A143,A152,2,A174,2,1,A201,1,1
267,A14,18,A34,A49,250,A63,A74,2,A91,A101,3,A123,0,A143,A152,2,A174,2,1,A201,1,0
268,A14,15,A31,A49,250,A63,A74,2,A91,A101,3,A123,1,A143,A152,2,A174,2,1,A201,1,1
269,A14,17,A34,A49,250,A63,A74,2,A91,A101,3,A123,0,A143,A152,2,A173,2,1,A201,1,0
270,A14,13,A31,A49,250,A63,A74,2,A94,A101,3,A123,1,A141,A152,2,A173,1,1,A201,1,1
271,A14,16,A34,A49,250,A63,A74,2,A91,A101,3,A123,0,A141,A152,2,A174,1,1,A201,1,0
272,A14,18,A32,A49,250,A63,A74,2,A94,A101,3,A123,1,A141,A152,2,A174,2,1,A201,1,1
273,A14,16,A31,A49,250,A63,A74,2,A94,A101,3,A122,1,A141,A151,2,A174,1,1,A201,1,1
274,A14,20,A32,A49,250,A63,A74,2,A94,A101,3,A122,0,A141,A152,2,A174,1,1,A201,1,0
275,A14,17,A31,A49,250,A63,A74,2,A94,A101,3,A123,1,A141,A152,2,A174,1,1,A201,1,1
276,A14,18,A32,A49,250,A61,A74,2,A91,A101,3,A123,1,A143,A151,2,A172,2,1,A201,1,1
277,A14,19,A32,A49,250,A63,A74,2,A94,A101,3,A122,1,A143,A152,2,A174,1,1,A201,1,1
278,A14,15,A34,A49,250,A63,A74,2,A91,A101,3,A122,1,A143,A152,2,A173,1,1,A201,1,1
279,A14,23,A31,A49,250,A63,A74,2,A91,A101,3,A123,1,A143,A152,2,A174,2,1,A201,1,1
280,A14,19,A31,A49,250,A63,A74,2,A94,A101,3,A122,0,A143,A152,2,A173,1,1,A201,1,0
281,A14,16,A31,A49,250,A63,A74,2,A91,A101,3,A123,1,A143,A152,2,A174,2,1,A201,1,1
282,A14,15,A34,A49,250,A63,A74,2,A94,A101,3,A123,1,A141,A151,2,A174,1,1,A201,1,1
283,A14,18,A34,A49,250,A63,A74,2,A91,A101,3,A122,1,A143,A151,2,A173,1,1,A201,1,1
284,A14,18,A31,A49,250,A63,A74,2,A94,A101,3,A123,1,A143,A152,2,A173,1,1,A201,1,1
285,A14,17,A34,A49,250,A63,A74,2,A91,A101,3,A123,1,A141,A152,1,A174,2,1,A201,1,1
286,A14,18,A34,A49,250,A63,A74,2,A94,A101,3,A123,1,A143,A152,2,A173,1,1,A201,1,1
287,A14,13,A34,A49,250,A63,A74,2,A94,A101,3,A123,1,A141,A152,2,A174,2,1,A201,1,1
288,A14,17,A34,A49,250,A63,A74,2,A94,A101,3,A123,0,A141,A152,2,A174,1,1,A201,1,0
289,A14,19,A31,A49,250,A63,A74,2,A91,A101,3,A123,1,A143,A152,1,A174,1,1,A201,1,1
290,A14,13,A34,A49,250,A63,A74,2,A94,A101,3,A123,1,A143,A152,2,A174,2,1,A201,1,1
291,A14,16,A31,A49,250,A63,A74,2,A94,A101,3,A122,1,A143,A152,2,A173,2,1,A201,1,1
292,A14,15,A31,A49,250,A63,A74,2,A91,A101,3,A123,1,A143,A152,2,A174,1,1,A201,1,1
293,A14,17,A34,A49,250,A63,A74,2,A91,A101,3,A122,1,A143,A151,2,A173,1,1,A201,1,1
294,A14,17,A31,A49,250,A63,A74,2,A91,A101,3,A123,1,A143,A152,2,A174,2,1,A201,1,1
295,A14,15,A34,A49,250,A63,A74,2,A91,A101,3,A122,1,A141,A152,1,A174,1,1,A201,1,1
296,A14,14,A31,A49,250,A63,A74,2,A94,A101,3,A123,1,A141,A151,2,A174,1,1,A201,1,1
297,A14,13,A34,A49,250,A63,A74,2,A94,A101,3,A123,1,A141,A152,2,A174,2,1,A201,1,1
298,A14,15,A34,A49,250,A63,A74,2,A94,A101,3,A123,0,A141,A152,2,A174,2,1,A201,1,0
299,A14,12,A31,A49,250,A63,A74,2,A91,A101,3,A123,1,A143,A152,2,A174,1,1,A201,1,1
300,A14,18,A34,A49,250,A63,A74,2,A91,A101,3,A122,1,A143,A151,2,A173,1,1,A201,1,1
301,A14,17,A31,A49,250,A61,A74,2,A91,A101,2,A122,1,A143,A151,2,A173,2,1,A201,1,1
302,A14,23,A32,A49,250,A63,A74,2,A91,A101,3,A122,0,A143,A152,2,A174,1,1,A201,1,0
303,A14,15,A32,A49,250,A63,A74,2,A94,A101,3,A122,1,A143,A151,2,A173,1,1,A201,1,1
304,A14,17,A32,A49,250,A63,A74,2,A94,A101,3,A123,1,A143,A152,2,A173,2,1,A201,1,1
305,A14,16,A32,A49,250,A61,A74,2,A91,A101,3,A123,1,A143,A152,2,A174,2,1,A201,1,1
306,A14,17,A31,A49,250,A63,A74,2,A91,A101,3,A123,1,A143,A152,2,A174,1,1,A201,1,1
307,A14,12,A31,A49,250,A63,A74,2,A93,A101,3,A123,1,A143,A152,2,A174,1,1,A201,1,1
308,A14,17,A31,A49,250,A63,A75,2,A91,A101,3,A122,1,A143,A152,2,A173,1,1,A201,1,1
309,A14,19,A31,A49,250,A63,A74,3,A91,A101,3,A123,0,A143,A152,2,A174,2,1,A201,1,0
310,A14,19,A31,A49,250,A63,A74,2,A91,A101,3,A123,1,A143,A152,2,A173,2,1,A201,1,1
311,A14,19,A31,A49,250,A63,A74,2,A91,A101,3,A123,1,A143,A152,2,A173,2,1,A201,1,1
312,A14,17,A31,A49,250,A63,A74,2,A94,A101,3,A122,1,A143,A152,2,A173,2,1,A201,1,1
313,A14,17,A31,A49,250,A63,A74,2,A91,A101,3,A123,1,A143,A152,2,A174,1,1,A201,1,1
314,A14,17,A34,A49,250,A61,A74,2,A91,A101,3,A123,1,A143,A151,2,A173,2,1,A201,1,1
315,A14,14,A31,A49,250,A63,A74,2,A91,A101,3,A123,1,A143,A152,2,A173,2,1,A201,1,1
316,A14,19,A31,A49,250,A63,A74,2,A91,A101,3,A122,1,A143,A152,2,A173,1,1,A201,1,1
317,A14,19,A31,A49,250,A63,A74,2,A94,A101,3,A123,0,A143,A152,2,A173,2,1,A201,1,0
318,A14,17,A31,A49,250,A63,A74,2,A91,A101,3,A123,1,A143,A152,2,A174,1,1,A201,1,1
319,A14,17,A31,A49,250,A63,A74,2,A91,A101,3,A123,1,A143,A152,2,A174,2,1,A201,1,1
320,A14,17,A34,A49,250,A63,A74,2,A91,A101,3,A123,0,A141,A152,2,A174,2,1,A201,1,0
321,A14,20,A31,A49,250,A63,A74,2,A91,A101,3,A123,0,A143,A152,2,A174,1,1,A201,1,0
322,A14,16,A31,A49,250,A63,A75,2,A91,A101,3,A122,1,A143,A152,2,A173,1,1,A201,1,1
323,A14,13,A34,A49,250,A63,A74,2,A91,A101,3,A123,1,A143,A151,2,A174,2,1,A201,1,1
324,A14,15,A34,A49,250,A63,A74,2,A91,A101,3,A122,1,A143,A151,2,A173,1,1,A201,1,1
325,A14,18,A31,A49,250,A63,A74,2,A94,A101,3,A123,1,A141,A152,1,A174,2,1,A201,1,1
326,A14,15,A31,A49,250,A61,A74,2,A94,A101,3,A123,1,A143,A151,2,A173,2,1,A201,1,1
327,A14,16,A32,A49,250,A63,A75,2,A91,A101,3,A122,0,A143,A152,2,A173,1,1,A201,1,0
328,A14,16,A31,A49,250,A63,A74,2,A91,A101,3,A123,1,A143,A152,2,A174,1,1,A201,1,1
329,A14,19,A34,A49,250,A63,A74,2,A91,A101,3,A123,0,A143,A152,2,A173,1,1,A201,1,0
330,A14,20,A31,A49,250,A63,A74,2,A91,A101,3,A123,0,A143,A152,2,A173,2,1,A201,1,0
331,A14,21,A32,A49,250,A63,A74,2,A91,A101,3,A123,1,A141,A152,2,A174,1,1,A201,1,1
332,A14,18,A31,A49,250,A63,A74,2,A91,A101,3,A122,1,A143,A152,2,A173,2,1,A201,1,1
333,A14,17,A31,A49,250,A63,A74,2,A94,A101,3,A123,1,A141,A152,2,A174,1,1,A201,1,1
334,A14,14,A34,A49,250,A63,A74,2,A94,A101,3,A123,1,A143,A152,2,A173,2,1,A201,1,1
335,A14,16,A31,A49,250,A63,A74,2,A94,A101,3,A123,1,A143,A152,2,A173,1,1,A201,1,1
336,A14,16,A31,A49,250,A63,A74,2,A91,A101,3,A123,1,A143,A151,2,A173,1,1,A201,1,1
337,A14,15,A34,A49,250,A63,A74,2,A94,A101,3,A123,0,A141,A152,2,A173,2,1,A201,1,0
338,A14,16,A31,A49,250,A63,A74,2,A94,A101,3,A123,0,A143,A152,2,A173,2,1,A201,1,0
339,A14,18,A31,A49,250,A63,A74,2,A91,A101,3,A122,1,A143,A152,2,A173,1,1,A201,1,1
340,A14,16,A34,A49,250,A63,A74,2,A91,A101,3,A122,1,A143,A152,2,A173,2,1,A201,1,1
341,A14,20,A31,A49,250,A63,A74,2,A91,A101,3,A123,1,A143,A152,2,A173,1,1,A201,1,1
342,A14,15,A34,A49,250,A62,A72,2,A91,A101,3,A122,1,A143,A152,2,A174,2,1,A201,1,1
343,A14,17,A34,A49,250,A63,A74,2,A91,A101,3,A123,1,A141,A151,2,A173,1,1,A201,1,1
344,A14,17,A34,A49,250,A62,A74,2,A91,A101,3,A123,1,A143,A152,2,A173,1,1,A201,1,1
345,A14,18,A32,A49,250,A63,A74,2,A94,A101,3,A123,1,A141,A151,2,A173,1,1,A201,1,1
346,A14,16,A34,A49,250,A63,A74,2,A91,A101,3,A123,0,A143,A151,2,A174,2,1,A201,1,0
347,A14,16,A34,A49,250,A63,A74,2,A91,A101,3,A123,1,A141,A152,1,A174,1,1,A201,1,1
348,A14,17,A31,A49,250,A61,A74,2,A94,A101,3,A123,1,A143,A152,2,A173,2,1,A201,1,1
349,A14,20,A32,A49,250,A63,A74,2,A94,A101,3,A123,1,A141,A152,2,A174,1,1,A201,1,1
350,A14,18,A31,A49,250,A63,A74,2,A94,A101,3,A122,1,A143,A152,2,A173,1,1,A201,1,1
351,A14,18,A34,A49,250,A63,A74,2,A94,A101,3,A123,1,A141,A152,2,A174,2,1,A201,1,1
352,A14,20,A31,A49,250,A61,A74,2,A94,A101,3,A123,1,A143,A151,2,A173,1,1,A201,1,1
353,A14,12,A34,A49,250,A63,A74,2,A91,A101,3,A123,1,A143,A152,2,A174,2,1,A201,1,1
354,A14,20,A32,A49,250,A63,A74,2,A94,A101,3,A123,1,A141,A152,2,A174,1,1,A201,1,1
355,A14,18,A31,A49,250,A63,A74,2,A94,A101,3,A123,1,A143,A152,2,A174,2,1,A201,1,1
356,A14,19,A31,A49,250,A61,A74,2,A94,A101,3,A123,1,A143,A152,1,A173,2,1,A201,1,1
357,A14,17,A34,A49,250,A63,A74,2,A91,A101,3,A123,0,A143,A152,2,A173,2,1,A201,1,0
358,A14,15,A31,A49,250,A63,A74,2,A94,A101,3,A123,1,A141,A152,2,A174,2,1,A201,1,1
359,A14,20,A31,A49,250,A63,A74,2,A91,A101,3,A122,1,A143,A151,2,A173,1,1,A201,1,1
360,A14,16,A31,A49,250,A63,A74,2,A94,A101,3,A123,1,A141,A152,2,A174,1,1,A201,1,1
361,A14,16,A34,A49,250,A63,A74,2,A91,A101,3,A123,1,A143,A152,2,A174,1,1,A201,1,1
362,A14,14,A34,A49,250,A63,A74,2,A91,A101,3,A123,0,A143,A152,2,A173,2,1,A201,1,0
363,A14,16,A32,A49,250,A63,A74,2,A94,A101,3,A123,1,A143,A152,2,A174,1,1,A201,1,1
364,A14,16,A31,A49,250,A61,A74,2,A91,A101,3,A123,1,A143,A151,2,A173,2,1,A201,1,1
365,A14,16,A34,A49,250,A63,A74,2,A91,A101,3,A123,0,A143,A152,2,A174,2,1,A201,1,0
366,A14,19,A32,A49,250,A62,A74,2,A91,A101,3,A123,1,A143,A152,2,A173,1,1,A201,1,1
367,A14,17,A32,A49,250,A63,A74,2,A91,A101,3,A122,0,A143,A152,2,A173,1,1,A201,1,0
368,A14,14,A34,A49,250,A63,A74,2,A94,A101,3,A123,1,A143,A152,2,A174,2,1,A201,1,1
369,A14,18,A31,A49,250,A63,A74,2,A94,A101,3,A123,1,A143,A151,2,A174,1,1,A201,1,1
370,A14,20,A31,A49,250,A63,A74,2,A91,A101,3,A123,0,A143,A152,2,A173,1,1,A201,1,0
371,A14,16,A31,A49,250,A63,A74,2,A93,A101,3,A123,1,A143,A151,2,A173,2,1,A201,1,1
372,A14,19,A31,A49,250,A63,A74,2,A94,A101,3,A123,1,A143,A152,2,A174,2,1,A201,1,1
373,A14,14,A31,A49,250,A61,A75,2,A93,A101,3,A123,1,A143,A152,2,A173,1,1,A201,1,1
374,A14,16,A34,A49,250,A63,A74,2,A91,A101,3,A123,0,A143,A151,2,A174,2,1,A201,1,0
375,A14,17,A34,A49,250,A63,A74,2,A91,A101,3,A122,0,A143,A152,2,A174,2,1,A201,1,0
376,A14,15,A34,A49,250,A63,A74,2,A94,A101,3,A123,1,A141,A152,2,A174,1,1,A201,1,1
377,A14,12,A31,A49,250,A63,A74,2,A94,A101,3,A123,1,A141,A152,2,A174,1,1,A201,1,1
378,A14,17,A34,A49,250,A63,A74,2,A91,A101,3,A122,1,A143,A151,2,A173,1,1,A201,1,1
379,A14,21,A31,A49,250,A63,A74,2,A91,A101,3,A122,1,A143,A152,2,A173,1,1,A201,1,1
380,A14,19,A31,A49,250,A63,A74,2,A91,A101,3,A123,1,A143,A152,2,A173,1,1,A201,1,1
381,A14,16,A31,A49,250,A61,A74,2,A94,A101,3,A123,1,A143,A151,2,A174,1,1,A201,1,1
382,A14,17,A31,A49,250,A63,A74,2,A91,A101,3,A123,1,A143,A152,2,A174,1,1,A201,1,1
383,A14,17,A34,A49,250,A63,A74,2,A91,A101,3,A123,1,A143,A152,2,A174,2,1,A201,1,1
384,A14,20,A34,A49,250,A63,A74,2,A91,A101,3,A123,1,A143,A152,2,A173,1,1,A201,1,1
385,A14,16,A31,A49,250,A63,A75,2,A91,A101,3,A123,0,A143,A152,2,A173,1,1,A201,1,0
386,A14,16,A34,A49,250,A63,A74,2,A91,A101,3,A122,1,A143,A152,2,A173,1,1,A201,1,1
387,A14,19,A34,A49,250,A63,A74,2,A91,A101,3,A122,1,A143,A152,2,A173,1,1,A201,1,1
388,A14,18,A31,A49,250,A63,A75,2,A94,A101,3,A122,1,A141,A151,2,A173,1,1,A201,1,1
389,A14,12,A34,A49,250,A63,A74,2,A94,A101,3,A123,1,A141,A152,2,A174,2,1,A201,1,1
390,A14,17,A31,A49,250,A63,A74,2,A91,A101,3,A122,0,A143,A152,2,A173,1,1,A201,1,0
391,A14,16,A31,A49,250,A63,A74,2,A94,A101,3,A123,1,A143,A151,2,A174,2,1,A201,1,1
392,A14,14,A31,A49,250,A63,A72,2,A91,A101,3,A122,1,A143,A152,2,A173,1,1,A201,1,1
393,A14,15,A31,A49,250,A63,A74,2,A91,A101,3,A123,1,A143,A151,2,A173,2,1,A201,1,1
394,A14,17,A34,A49,250,A63,A74,2,A91,A101,3,A123,1,A143,A152,2,A173,1,1,A201,1,1
395,A14,14,A31,A49,250,A63,A74,2,A91,A101,3,A123,1,A143,A152,1,A173,2,1,A201,1,1
396,A14,20,A31,A49,250,A63,A74,2,A91,A101,3,A123,1,A143,A152,2,A173,1,1,A201,1,1
397,A14,21,A32,A49,250,A63,A74,2,A91,A101,3,A123,1,A143,A152,2,A174,1,1,A201,1,1
398,A14,17,A34,A49,250,A63,A74,2,A91,A101,3,A123,1,A143,A152,2,A173,1,1,A201,1,1
399,A14,16,A31,A49,250,A63,A74,2,A91,A101,3,A123,1,A143,A152,2,A174,2,1,A201,1,1
400,A14,17,A34,A49,250,A63,A74,2,A94,A101,3,A123,1,A141,A152,1,A174,1,1,A201,1,1
401,A14,16,A34,A49,250,A63,A74,2,A91,A101,3,A123,1,A143,A152,2,A173,1,1,A201,1,1
402,A14,15,A34,A49,250,A63,A74,2,A91,A101,3,A123,1,A143,A152,2,A174,2,1,A201,1,1
403,A14,14,A34,A49,250,A63,A74,2,A91,A101,3,A123,1,A143,A152,2,A173,1,1,A201,1,1
404,A14,19,A31,A49,250,A63,A74,2,A91,A101,3,A123,1,A143,A152,2,A174,1,1,A201,1,1
405,A14,17,A31,A49,250,A63,A74,2,A91,A101,3,A123,1,A143,A152,2,A173,1,1,A201,1,1
406,A14,19,A32,A49,250,A63,A74,2,A91,A101,3,A123,1,A143,A152,2,A174,1,1,A201,1,1
407,A14,19,A31,A49,250,A63,A74,2,A93,A101,3,A123,1,A143,A152,2,A174,2,1,A201,1,1
408,A14,18,A34,A49,250,A63,A74,2,A94,A101,3,A122,1,A141,A151,2,A173,1,1,A201,1,1
409,A14,18,A31,A49,250,A63,A74,2,A92,A101,3,A123,0,A141,A152,2,A173,2,1,A201,1,0
410,A14,16,A31,A49,250,A63,A74,2,A91,A101,3,A122,1,A143,A152,2,A173,1,1,A201,1,1
411,A14,17,A34,A49,250,A63,A74,2,A91,A101,3,A123,1,A143,A152,2,A174,2,1,A201,1,1
412,A14,15,A34,A49,250,A63,A74,2,A91,A101,3,A123,1,A143,A152,2,A174,1,1,A201,1,1
413,A14,20,A31,A49,250,A63,A74,2,A91,A101,3,A123,1,A141,A152,2,A174,2,1,A201,1,1
414,A14,17,A31,A49,250,A63,A74,2,A94,A101,3,A123,1,A143,A152,2,A174,2,1,A201,1,1
415,A14,16,A34,A49,250,A63,A74,2,A91,A101,3,A123,1,A141,A152,1,A174,2,1,A201,1,1
416,A14,16,A34,A49,250,A63,A74,2,A94,A101,3,A123,1,A143,A151,2,A173,1,1,A201,1,1
417,A14,15,A32,A49,250,A63,A74,2,A94,A101,3,A123,1,A143,A152,2,A174,1,1,A201,1,1
418,A14,17,A31,A49,250,A63,A74,2,A91,A101,3,A123,1,A143,A152,2,A173,1,1,A201,1,1
419,A14,21,A32,A49,250,A63,A74,2,A91,A101,3,A123,1,A143,A152,2,A173,1,1,A201,1,1
420,A14,20,A34,A49,250,A63,A74,2,A91,A101,3,A123,1,A143,A152,2,A173,1,1,A201,1,1
421,A14,20,A31,A49,250,A63,A74,2,A94,A101,3,A123,1,A141,A151,1,A173,2,1,A201,1,1
422,A14,15,A31,A49,250,A63,A74,2,A91,A101,3,A123,1,A143,A152,2,A174,2,1,A201,1,1
423,A14,18,A31,A49,250,A63,A75,2,A91,A101,3,A122,0,A143,A152,2,A173,1,1,A201,1,0
424,A14,15,A31,A49,250,A63,A74,2,A91,A101,3,A123,1,A141,A151,2,A174,2,1,A201,1,1
425,A14,17,A31,A49,250,A63,A74,2,A91,A101,3,A123,1,A143,A152,2,A174,2,1,A201,1,1
426,A14,18,A31,A49,250,A63,A74,2,A94,A101,3,A122,1,A143,A152,2,A173,1,1,A201,1,1
427,A14,21,A31,A49,250,A63,A74,2,A94,A101,3,A123,1,A141,A152,2,A174,1,1,A201,1,1
428,A14,14,A31,A49,250,A63,A74,2,A94,A101,3,A122,1,A143,A152,2,A173,2,1,A201,1,1
429,A14,19,A31,A49,250,A63,A74,2,A91,A101,3,A123,0,A141,A152,2,A174,1,1,A201,1,0
430,A14,19,A31,A49,250,A63,A74,2,A94,A101,3,A123,1,A143,A152,2,A173,2,1,A201,1,1
431,A14,18,A31,A49,250,A63,A74,2,A93,A101,3,A122,1,A143,A151,2,A173,1,1,A201,1,1
432,A14,17,A31,A49,250,A63,A74,2,A91,A101,3,A123,1,A143,A152,2,A173,2,1,A201,1,1
433,A14,16,A31,A49,250,A63,A75,2,A93,A101,3,A122,0,A143,A152,2,A173,1,1,A201,1,0
434,A14,21,A34,A49,250,A63,A74,2,A91,A101,3,A123,1,A143,A152,2,A173,1,1,A201,1,1
435,A14,17,A31,A49,250,A63,A74,2,A91,A101,3,A123,1,A143,A152,2,A174,2,1,A201,1,1
436,A14,17,A34,A49,250,A63,A74,2,A91,A101,3,A123,1,A143,A152,2,A173,1,1,A201,1,1
437,A14,17,A31,A49,250,A61,A74,2,A91,A101,3,A123,1,A143,A152,2,A173,1,1,A201,1,1
438,A14,14,A31,A49,250,A61,A74,2,A91,A101,3,A123,1,A143,A151,2,A174,2,1,A201,1,1
439,A14,15,A31,A49,250,A63,A74,2,A94,A101,3,A123,1,A141,A152,2,A174,2,1,A201,1,1
440,A14,14,A34,A49,250,A63,A74,2,A91,A101,3,A123,1,A143,A152,2,A174,2,1,A201,1,1
441,A14,12,A34,A49,250,A63,A74,2,A91,A101,3,A123,1,A143,A152,2,A174,2,1,A201,1,1
442,A14,16,A31,A49,250,A63,A74,2,A94,A101,3,A122,1,A143,A151,2,A173,2,1,A201,1,1
443,A14,22,A32,A49,250,A63,A74,2,A91,A101,3,A123,1,A143,A152,2,A173,1,1,A201,1,1
444,A14,17,A34,A49,250,A63,A74,2,A91,A101,3,A123,0,A143,A152,2,A174,2,1,A201,1,0
445,A14,15,A34,A49,250,A63,A74,2,A94,A101,3,A123,0,A143,A152,2,A174,2,1,A201,1,0
446,A14,21,A32,A49,250,A61,A74,2,A91,A101,3,A123,1,A143,A152,2,A173,1,1,A201,1,1
447,A14,16,A34,A49,250,A62,A74,2,A91,A101,3,A123,0,A143,A152,2,A173,2,1,A201,1,0
448,A14,18,A31,A49,250,A63,A74,2,A91,A101,3,A122,1,A143,A151,2,A173,1,1,A201,1,1
449,A14,14,A34,A49,250,A63,A74,2,A94,A101,3,A123,1,A141,A152,2,A173,1,1,A201,1,1
450,A14,14,A34,A49,250,A61,A74,2,A91,A101,3,A123,1,A143,A152,2,A174,2,1,A201,1,1
451,A14,16,A34,A49,250,A63,A74,2,A91,A101,3,A123,1,A143,A152,2,A174,2,1,A201,1,1
452,A14,11,A34,A49,250,A63,A74,2,A91,A101,3,A123,1,A141,A151,2,A174,2,1,A201,1,1
453,A14,20,A31,A49,250,A63,A74,2,A91,A101,3,A122,1,A143,A151,2,A173,1,1,A201,1,1
454,A14,18,A31,A49,250,A63,A74,2,A94,A101,3,A123,1,A143,A152,2,A174,1,1,A201,1,1
455,A14,17,A31,A49,250,A63,A74,2,A91,A101,3,A123,1,A143,A151,2,A173,2,1,A201,1,1
456,A14,20,A31,A49,250,A63,A74,2,A91,A101,3,A122,0,A143,A151,2,A173,1,1,A201,1,0
457,A14,17,A31,A49,250,A63,A74,2,A94,A101,3,A122,1,A143,A152,2,A173,1,1,A201,1,1
458,A14,14,A31,A49,250,A63,A74,2,A94,A101,3,A122,1,A143,A152,2,A174,1,1,A201,1,1
459,A14,18,A34,A49,250,A63,A74,2,A91,A101,3,A123,1,A141,A152,2,A173,2,1,A201,1,1
460,A14,13,A31,A49,250,A61,A74,2,A91,A101,3,A123,0,A143,A151,2,A174,2,1,A201,1,0
461,A14,16,A34,A49,250,A63,A74,2,A91,A101,3,A123,1,A143,A152,2,A174,2,1,A201,1,1
462,A14,14,A34,A49,250,A63,A74,2,A91,A101,3,A123,1,A141,A152,2,A174,2,1,A201,1,1
463,A14,13,A31,A49,250,A63,A74,2,A94,A101,3,A122,1,A143,A151,2,A174,1,1,A201,1,1
464,A14,18,A32,A49,250,A61,A74,2,A94,A101,3,A123,1,A143,A152,2,A174,2,1,A201,1,1
465,A14,17,A31,A49,250,A63,A74,2,A91,A101,3,A123,1,A141,A152,2,A174,2,1,A201,1,1
466,A14,14,A31,A49,250,A63,A74,2,A94,A101,3,A123,1,A143,A151,2,A173,1,1,A201,1,1
467,A14,12,A34,A49,250,A62,A72,2,A91,A101,3,A123,0,A143,A151,2,A173,2,1,A201,1,0
468,A14,17,A34,A49,250,A63,A74,2,A91,A101,3,A123,0,A143,A151,2,A174,1,1,A201,1,0
469,A14,17,A31,A49,250,A63,A74,2,A94,A101,3,A123,1,A141,A152,2,A174,1,1,A201,1,1
470,A14,17,A34,A49,250,A63,A74,2,A91,A101,3,A123,0,A141,A152,2,A174,1,1,A201,1,0
471,A14,18,A31,A49,250,A63,A74,2,A91,A101,3,A123,1,A143,A152,2,A173,2,1,A201,1,1
472,A14,16,A31,A49,250,A61,A74,2,A91,A101,3,A123,1,A143,A151,2,A174,2,1,A201,1,1
473,A14,13,A34,A49,250,A63,A74,2,A94,A101,3,A123,1,A143,A152,2,A174,2,1,A201,1,1
474,A14,17,A31,A49,250,A63,A74,2,A91,A101,3,A123,0,A143,A151,2,A173,1,1,A201,1,0
475,A14,17,A34,A49,250,A63,A74,2,A94,A101,3,A123,1,A141,A152,2,A174,1,1,A201,1,1
476,A14,20,A31,A49,250,A63,A74,2,A91,A101,3,A122,0,A143,A152,2,A173,1,1,A201,1,0
477,A14,14,A31,A49,250,A63,A74,2,A91,A101,3,A123,1,A143,A152,2,A173,2,1,A201,1,1
478,A14,17,A31,A49,250,A63,A74,2,A93,A101,3,A122,0,A143,A152,2,A174,2,1,A201,1,0
479,A14,15,A34,A49,250,A63,A74,2,A91,A101,3,A122,1,A143,A151,2,A173,1,1,A201,1,1
480,A14,19,A31,A49,250,A63,A74,2,A94,A101,3,A122,1,A143,A152,2,A173,1,1,A201,1,1
481,A14,16,A34,A49,250,A63,A75,2,A91,A101,3,A123,0,A143,A151,2,A174,1,1,A201,1,0
482,A14,16,A34,A49,250,A63,A74,2,A91,A101,3,A123,0,A141,A152,2,A174,1,1,A201,1,0
483,A14,11,A31,A49,250,A63,A74,2,A94,A101,3,A123,1,A141,A151,2,A174,1,1,A201,1,1
484,A14,19,A32,A49,250,A63,A74,2,A91,A101,3,A122,0,A143,A152,2,A173,1,1,A201,1,0
485,A14,20,A34,A49,250,A63,A74,2,A91,A101,3,A123,1,A143,A152,2,A173,2,1,A201,1,1
486,A14,17,A34,A49,250,A63,A74,2,A91,A101,3,A123,1,A143,A152,2,A173,1,1,A201,1,1
487,A14,18,A34,A49,250,A63,A74,2,A91,A101,3,A123,1,A143,A152,2,A173,2,1,A201,1,1
488,A14,18,A34,A49,250,A63,A74,2,A91,A101,3,A122,0,A143,A152,2,A174,1,1,A201,1,0
489,A14,21,A32,A49,250,A63,A74,2,A91,A101,3,A122,1,A143,A152,2,A173,1,1,A201,1,1
490,A14,16,A34,A49,250,A63,A74,2,A91,A101,3,A123,0,A143,A152,2,A174,1,1,A201,1,0
491,A14,16,A32,A49,250,A63,A74,2,A94,A101,3,A123,1,A143,A151,2,A174,2,1,A201,1,1
492,A14,17,A31,A49,250,A63,A74,2,A93,A101,3,A122,1,A143,A151,2,A173,1,1,A201,1,1
493,A14,14,A34,A49,250,A63,A74,2,A91,A101,3,A123,1,A141,A151,2,A174,1,1,A201,1,1
494,A14,17,A34,A49,250,A63,A74,2,A94,A101,3,A123,1,A141,A152,2,A174,2,1,A201,1,1
495,A14,18,A34,A49,250,A63,A75,2,A91,A101,3,A122,1,A143,A152,2,A173,1,1,A201,1,1
496,A14,16,A31,A49,250,A63,A74,2,A91,A101,3,A123,1,A143,A152,2,A174,1,1,A201,1,1
497,A14,18,A31,A49,250,A63,A74,2,A93,A101,3,A123,1,A143,A152,2,A173,1,1,A201,1,1
498,A14,16,A31,A49,250,A63,A75,2,A94,A101,3,A122,1,A143,A151,2,A173,1,1,A201,1,1
499,A14,12,A34,A49,250,A63,A74,2,A94,A101,3,A123,1,A141,A152,2,A173,2,1,A201,1,1
500,A14,16,A34,A49,250,A63,A74,2,A91,A101,3,A123,1,A141,A152,2,A174,1,1,A201,1,1
501,A14,12,A31,A49,250,A63,A74,2,A91,A101,3,A123,1,A143,A152,2,A174,1,1,A201,1,1
502,A14,17,A31,A49,250,A63,A75,2,A93,A101,2,A122,1,A143,A152,2,A173,1,1,A201,1,1
503,A14,20,A32,A49,250,A63,A74,2,A94,A101,3,A123,1,A143,A151,2,A174,1,1,A201,1,1
504,A14,13,A34,A49,250,A63,A74,2,A91,A101,3,A123,0,A141,A152,2,A174,2,1,A201,1,0
505,A14,13,A31,A49,250,A63,A74,2,A91,A101,3,A123,0,A143,A152,2,A173,1,1,A201,1,0
506,A14,17,A32,A49,250,A63,A75,2,A91,A101,3,A122,0,A143,A151,2,A174,1,1,A201,1,0
507,A14,16,A31,A49,250,A63,A74,2,A94,A101,3,A123,1,A141,A152,2,A174,2,1,A201,1,1
508,A14,17,A34,A49,250,A63,A74,2,A91,A101,3,A123,1,A143,A152,2,A173,2,1,A201,1,1
509,A14,16,A31,A49,250,A63,A74,2,A91,A101,3,A123,1,A143,A152,2,A174,1,1,A201,1,1
510,A14,19,A31,A49,250,A63,A74,2,A94,A101,3,A122,1,A141,A151,2,A174,1,1,A201,1,1
511,A14,11,A34,A49,250,A63,A74,2,A91,A101,3,A123,1,A143,A152,2,A174,2,1,A201,1,1
512,A14,13,A31,A49,250,A63,A74,3,A91,A101,3,A123,1,A141,A152,2,A174,2,1,A201,1,1
513,A14,13,A31,A49,250,A63,A74,2,A91,A101,3,A123,0,A143,A152,2,A174,2,1,A201,1,0
514,A14,18,A31,A49,250,A63,A74,2,A91,A101,3,A123,1,A143,A152,2,A174,2,1,A201,1,1
515,A14,13,A34,A49,250,A63,A74,2,A91,A101,3,A123,1,A143,A152,2,A174,2,1,A201,1,1
516,A14,16,A31,A49,250,A63,A74,2,A94,A101,3,A123,1,A141,A152,2,A173,1,1,A201,1,1
517,A14,20,A31,A49,250,A63,A74,2,A93,A101,3,A122,0,A143,A152,2,A173,1,1,A201,1,0
518,A14,18,A34,A49,250,A63,A74,2,A91,A101,3,A123,0,A141,A152,2,A174,2,1,A201,1,0
519,A14,18,A32,A49,250,A63,A74,2,A91,A101,3,A123,1,A143,A151,2,A174,2,1,A201,1,1
520,A14,19,A31,A49,250,A63,A74,2,A91,A101,3,A123,1,A143,A152,2,A173,1,1,A201,1,1
521,A14,14,A31,A49,250,A63,A74,3,A94,A101,3,A123,1,A143,A152,2,A174,2,1,A201,1,1
522,A14,17,A31,A49,250,A63,A74,2,A91,A101,3,A123,1,A143,A152,2,A174,2,1,A201,1,1
523,A14,11,A34,A49,250,A63,A74,2,A91,A101,3,A123,0,A141,A151,2,A174,1,1,A201,1,0
524,A14,15,A31,A49,250,A63,A74,2,A93,A101,3,A123,0,A143,A151,2,A174,1,1,A201,1,0
525,A14,19,A34,A49,250,A63,A74,2,A91,A101,3,A123,0,A143,A152,2,A174,2,1,A201,1,0
526,A14,17,A34,A49,250,A63,A74,2,A91,A101,3,A123,1,A141,A152,2,A174,2,1,A201,1,1
527,A14,16,A34,A49,250,A63,A74,2,A91,A101,3,A123,1,A141,A152,2,A174,2,1,A201,1,1
528,A14,17,A31,A49,250,A63,A74,2,A91,A101,3,A122,1,A143,A152,2,A174,2,1,A201,1,1
529,A14,17,A34,A49,250,A63,A74,2,A91,A101,3,A123,0,A141,A152,2,A174,2,1,A201,1,0
530,A14,16,A31,A49,250,A63,A74,2,A91,A101,3,A123,1,A143,A151,2,A173,1,1,A201,1,1
531,A14,13,A31,A49,250,A63,A75,2,A93,A101,3,A122,1,A143,A152,2,A174,1,1,A201,1,1
532,A14,16,A34,A49,250,A63,A74,2,A91,A101,3,A123,1,A143,A152,1,A174,1,1,A201,1,1
533,A14,14,A31,A49,250,A63,A74,2,A91,A101,3,A123,1,A143,A152,2,A174,1,1,A201,1,1
534,A14,20,A34,A49,250,A63,A74,2,A91,A101,3,A123,1,A143,A152,2,A173,2,1,A201,1,1
535,A14,18,A31,A49,250,A63,A74,2,A91,A101,3,A123,1,A141,A152,2,A174,2,1,A201,1,1
536,A14,13,A31,A49,250,A63,A74,2,A91,A101,3,A123,1,A141,A152,2,A174,1,1,A201,1,1
537,A14,16,A32,A49,250,A61,A74,2,A94,A101,3,A123,1,A143,A152,2,A174,2,1,A201,1,1
538,A14,12,A31,A49,250,A63,A74,2,A91,A101,3,A123,1,A143,A152,2,A174,2,1,A201,1,1
539,A14,14,A31,A49,250,A63,A74,2,A94,A101,3,A123,1,A141,A152,2,A173,1,1,A201,1,1
540,A14,17,A31,A49,250,A63,A74,2,A91,A101,3,A123,1,A141,A152,2,A174,1,1,A201,1,1
541,A14,15,A31,A49,250,A63,A74,2,A91,A101,3,A123,1,A141,A152,1,A174,2,1,A201,1,1
542,A14,17,A31,A49,250,A63,A74,2,A91,A101,3,A123,0,A143,A152,2,A174,2,1,A201,1,0
543,A14,18,A34,A49,250,A63,A74,2,A91,A101,3,A123,1,A141,A152,2,A174,2,1,A201,1,1
544,A14,16,A31,A49,250,A63,A74,2,A92,A101,3,A123,1,A143,A152,2,A173,2,1,A201,1,1
545,A14,13,A31,A49,250,A63,A74,2,A91,A101,3,A123,1,A141,A152,2,A174,2,1,A201,1,1
546,A14,15,A31,A49,250,A63,A74,2,A91,A101,3,A123,1,A141,A152,2,A174,2,1,A201,1,1
547,A14,21,A31,A49,250,A63,A74,2,A91,A101,3,A123,1,A141,A151,1,A173,2,1,A201,1,1
548,A14,13,A34,A49,250,A63,A74,2,A91,A101,3,A122,1,A143,A151,2,A173,1,1,A201,1,1
549,A14,17,A34,A49,250,A63,A74,2,A91,A101,3,A123,1,A143,A152,2,A173,1,1,A201,1,1
550,A14,17,A31,A49,250,A63,A74,2,A91,A101,3,A123,1,A143,A151,2,A174,2,1,A201,1,1
551,A14,16,A31,A49,250,A63,A74,2,A91,A101,3,A122,1,A143,A152,2,A173,1,1,A201,1,1
552,A14,12,A34,A49,250,A63,A74,2,A91,A101,3,A123,1,A141,A152,2,A174,2,1,A201,1,1
553,A14,10,A34,A49,250,A63,A74,2,A91,A101,3,A123,1,A143,A151,2,A174,2,1,A201,1,1
554,A14,18,A31,A49,250,A63,A74,2,A94,A101,3,A123,1,A141,A152,2,A174,1,1,A201,1,1
555,A14,18,A34,A49,250,A63,A74,2,A91,A101,3,A123,0,A141,A152,2,A174,2,1,A201,1,0
556,A14,17,A31,A49,250,A63,A74,2,A94,A101,3,A122,1,A141,A151,2,A173,1,1,A201,1,1
557,A14,14,A34,A49,250,A63,A74,2,A91,A101,3,A123,0,A143,A152,2,A174,2,1,A201,1,0
558,A14,19,A32,A49,250,A63,A74,2,A91,A101,3,A123,1,A141,A152,2,A173,1,1,A201,1,1
559,A14,18,A31,A49,250,A63,A74,2,A91,A101,3,A123,1,A143,A152,2,A174,2,1,A201,1,1
560,A14,24,A32,A49,250,A63,A74,2,A91,A101,3,A123,1,A143,A152,2,A174,1,1,A201,1,1
561,A14,19,A31,A49,250,A63,A74,2,A91,A101,3,A123,1,A143,A152,2,A173,1,1,A201,1,1
562,A14,13,A34,A49,250,A63,A74,2,A91,A101,3,A123,1,A143,A151,2,A174,1,1,A201,1,1
563,A14,16,A32,A49,250,A63,A74,2,A94,A101,3,A122,1,A143,A152,2,A173,1,1,A201,1,1
564,A14,18,A31,A49,250,A63,A74,2,A93,A101,3,A122,1,A143,A152,2,A173,1,1,A201,1,1
565,A14,20,A32,A49,250,A61,A74,2,A91,A101,3,A123,1,A143,A152,2,A173,1,1,A201,1,1
566,A14,15,A32,A49,250,A63,A74,2,A94,A101,3,A123,1,A141,A151,2,A174,2,1,A201,1,1
567,A14,13,A34,A49,250,A63,A74,2,A94,A101,3,A123,1,A141,A152,2,A174,2,1,A201,1,1
568,A14,17,A31,A49,250,A63,A74,2,A91,A101,3,A123,1,A143,A152,2,A174,2,1,A201,1,1
569,A14,19,A34,A49,250,A63,A74,2,A91,A101,3,A123,0,A143,A152,2,A174,1,1,A201,1,0
570,A14,16,A34,A49,250,A63,A74,2,A91,A101,3,A122,0,A143,A152,2,A173,2,1,A201,1,0
571,A14,16,A34,A49,250,A63,A74,2,A91,A101,3,A123,1,A143,A152,2,A174,1,1,A201,1,1
572,A14,13,A34,A49,250,A63,A74,2,A94,A101,3,A123,0,A143,A152,2,A174,2,1,A201,1,0
573,A14,18,A31,A49,250,A63,A74,2,A91,A101,3,A123,1,A143,A152,2,A173,2,1,A201,1,1
574,A14,18,A34,A49,250,A63,A74,2,A91,A101,3,A123,1,A143,A152,2,A173,1,1,A201,1,1
575,A14,14,A34,A49,250,A63,A74,2,A94,A101,3,A123,1,A143,A152,2,A174,2,1,A201,1,1
576,A14,16,A34,A49,250,A63,A74,2,A94,A101,3,A123,1,A143,A152,2,A174,2,1,A201,1,1
577,A14,12,A32,A49,250,A63,A74,2,A91,A101,3,A123,1,A143,A152,2,A174,1,1,A201,1,1
578,A14,18,A31,A49,250,A63,A74,2,A93,A101,3,A122,0,A143,A152,2,A173,1,1,A201,1,0
579,A14,12,A34,A49,250,A63,A74,2,A94,A101,3,A123,1,A143,A151,2,A174,2,1,A201,1,1
580,A14,14,A34,A49,250,A63,A74,2,A94,A101,3,A123,1,A143,A152,2,A174,2,1,A201,1,1
581,A14,16,A34,A49,250,A63,A74,2,A91,A101,3,A123,0,A143,A152,2,A173,2,1,A201,1,0
582,A14,14,A34,A49,250,A63,A72,2,A91,A101,3,A122,1,A143,A151,2,A173,1,1,A201,1,1
583,A14,17,A34,A49,250,A63,A74,2,A91,A101,3,A123,1,A143,A151,2,A173,2,1,A201,1,1
584,A14,19,A31,A49,250,A63,A74,2,A91,A101,3,A123,1,A143,A152,2,A174,2,1,A201,1,1
585,A14,15,A34,A49,250,A63,A74,2,A91,A101,3,A123,1,A141,A152,2,A174,1,1,A201,1,1
586,A14,18,A31,A49,250,A63,A74,2,A91,A101,3,A123,1,A141,A151,2,A174,1,1,A201,1,1
587,A14,15,A31,A49,250,A63,A74,2,A91,A101,3,A122,1,A141,A152,2,A174,1,1,A201,1,1
588,A14,16,A31,A49,250,A63,A74,2,A94,A101,3,A123,1,A141,A152,2,A173,2,1,A201,1,1
589,A14,19,A32,A49,250,A63,A74,2,A91,A101,3,A123,1,A143,A152,2,A174,1,1,A201,1,1
590,A14,18,A31,A49,250,A63,A74,2,A91,A101,3,A123,1,A143,A152,2,A173,2,1,A201,1,1
591,A14,17,A32,A49,250,A63,A75,2,A91,A101,3,A122,1,A143,A152,2,A173,1,1,A201,1,1
592,A14,17,A31,A49,250,A63,A75,2,A91,A101,3,A122,1,A143,A152,2,A173,1,1,A201,1,1
593,A14,19,A32,A49,250,A63,A75,2,A94,A101,3,A123,1,A141,A151,2,A173,1,1,A201,1,1
594,A14,14,A34,A49,250,A63,A74,2,A94,A101,3,A123,1,A143,A152,2,A174,2,1,A201,1,1
595,A14,17,A34,A49,250,A63,A74,2,A94,A101,3,A122,1,A143,A152,2,A174,2,1,A201,1,1
596,A14,16,A34,A49,250,A63,A74,2,A94,A101,3,A122,1,A141,A152,2,A173,2,1,A201,1,1
597,A14,19,A34,A49,250,A63,A74,2,A91,A101,3,A123,1,A141,A152,1,A174,2,1,A201,1,1
598,A14,17,A31,A49,250,A63,A74,2,A94,A101,3,A123,1,A143,A152,2,A173,1,1,A201,1,1
599,A14,16,A31,A49,250,A63,A74,2,A91,A101,3,A123,1,A143,A152,2,A173,1,1,A201,1,1
600,A14,19,A34,A49,250,A63,A74,2,A94,A101,3,A123,1,A141,A152,2,A174,1,1,A201,1,1
601,A14,16,A31,A49,250,A63,A75,2,A94,A101,3,A123,0,A143,A152,2,A173,1,1,A201,1,0
602,A14,23,A31,A49,250,A63,A74,2,A91,A101,3,A123,1,A143,A152,1,A173,2,1,A201,1,1
603,A14,16,A31,A49,250,A63,A74,2,A91,A101,3,A123,0,A143,A152,2,A174,1,1,A201,1,0
604,A14,18,A32,A49,250,A63,A74,2,A91,A101,3,A122,1,A143,A152,2,A174,1,1,A201,1,1
605,A14,15,A34,A49,250,A63,A72,2,A91,A101,3,A122,1,A143,A152,2,A174,1,1,A201,1,1
606,A14,16,A31,A49,250,A63,A74,2,A91,A101,3,A123,1,A143,A152,2,A174,2,1,A201,1,1
607,A14,19,A34,A49,250,A63,A74,2,A91,A101,3,A123,0,A141,A152,2,A174,1,1,A201,1,0
608,A14,14,A34,A49,250,A61,A74,2,A91,A101,3,A123,0,A143,A151,2,A174,2,1,A201,1,0
609,A14,16,A34,A49,250,A63,A74,2,A94,A101,3,A123,1,A141,A152,2,A174,2,1,A201,1,1
610,A14,15,A34,A49,250,A63,A74,2,A94,A101,3,A123,1,A143,A152,2,A174,2,1,A201,1,1
611,A14,15,A31,A49,250,A63,A74,2,A91,A101,3,A123,1,A141,A152,2,A174,2,1,A201,1,1
612,A14,15,A31,A49,250,A63,A75,2,A91,A101,3,A123,1,A143,A152,2,A173,1,1,A201,1,1
613,A14,18,A34,A49,250,A62,A74,2,A91,A101,3,A122,1,A143,A152,2,A174,2,1,A201,1,1
614,A14,12,A34,A49,250,A61,A74,2,A91,A101,3,A123,1,A143,A151,2,A174,1,1,A201,1,1
615,A14,22,A31,A49,250,A63,A74,2,A91,A101,3,A123,0,A143,A152,2,A173,1,1,A201,1,0
616,A14,17,A34,A49,250,A63,A74,2,A91,A101,3,A123,1,A141,A152,2,A174,1,1,A201,1,1
617,A14,15,A34,A49,250,A63,A74,2,A91,A101,3,A123,1,A143,A152,2,A174,2,1,A201,1,1
618,A14,18,A31,A49,250,A63,A74,2,A91,A101,3,A123,1,A143,A151,2,A173,1,1,A201,1,1
619,A14,19,A31,A49,250,A63,A74,2,A94,A101,3,A122,1,A143,A151,2,A173,1,1,A201,1,1
620,A14,17,A34,A49,250,A61,A74,2,A91,A101,3,A123,1,A143,A152,2,A174,2,1,A201,1,1
621,A14,18,A31,A49,250,A63,A74,2,A91,A101,3,A123,1,A143,A152,2,A174,2,1,A201,1,1
622,A14,17,A31,A49,250,A63,A74,2,A94,A101,3,A122,0,A143,A152,2,A173,1,1,A201,1,0
623,A14,17,A31,A49,250,A63,A75,2,A91,A101,3,A122,1,A143,A152,2,A173,1,1,A201,1,1
624,A14,9,A34,A49,250,A63,A75,2,A91,A101,3,A122,1,A143,A152,2,A173,1,1,A201,1,1
625,A14,20,A31,A49,250,A63,A74,2,A91,A101,3,A122,1,A143,A151,2,A173,1,1,A201,1,1
626,A14,17,A34,A49,250,A63,A74,2,A91,A101,3,A123,1,A141,A152,2,A174,1,1,A201,1,1
627,A14,17,A34,A49,250,A63,A74,2,A91,A101,3,A123,0,A141,A152,2,A174,2,1,A201,1,0
628,A14,17,A34,A49,250,A63,A74,2,A91,A101,3,A123,1,A143,A152,2,A174,2,1,A201,1,1
629,A14,23,A34,A49,250,A63,A74,2,A91,A101,3,A123,1,A141,A152,2,A174,1,1,A201,1,1
630,A14,17,A34,A49,250,A63,A74,2,A91,A101,3,A123,1,A141,A152,2,A174,2,1,A201,1,1
631,A14,15,A34,A49,250,A63,A74,2,A91,A101,3,A123,1,A143,A152,2,A174,2,1,A201,1,1
632,A14,14,A34,A49,250,A63,A74,2,A93,A101,3,A123,1,A143,A151,2,A173,1,1,A201,1,1
633,A14,16,A31,A49,250,A63,A74,2,A94,A101,3,A123,1,A143,A152,2,A173,1,1,A201,1,1
634,A14,13,A31,A49,250,A63,A74,2,A94,A101,3,A123,0,A141,A152,2,A174,2,1,A201,1,0
635,A14,15,A34,A49,250,A63,A74,2,A91,A101,3,A123,0,A143,A152,2,A174,2,1,A201,1,0
636,A14,15,A31,A49,250,A63,A74,3,A94,A101,3,A123,1,A141,A151,2,A173,2,1,A201,1,1
637,A14,16,A31,A49,250,A63,A74,2,A91,A101,3,A123,1,A143,A151,2,A173,2,1,A201,1,1
638,A14,18,A31,A49,250,A63,A74,2,A91,A101,3,A123,1,A143,A151,2,A173,1,1,A201,1,1
639,A14,20,A31,A49,250,A63,A74,2,A91,A101,3,A123,1,A143,A152,2,A173,1,1,A201,1,1
640,A14,21,A32,A49,250,A63,A74,2,A91,A101,3,A123,1,A143,A152,2,A173,1,1,A201,1,1
641,A14,17,A32,A49,250,A63,A74,2,A94,A101,3,A122,1,A141,A151,2,A173,1,1,A201,1,1
642,A14,17,A34,A49,250,A63,A74,2,A91,A101,3,A123,1,A143,A152,2,A173,1,1,A201,1,1
643,A14,14,A34,A49,250,A63,A72,2,A91,A101,3,A122,1,A143,A152,2,A173,1,1,A201,1,1
644,A14,16,A31,A49,250,A63,A74,2,A91,A101,3,A123,1,A143,A152,2,A174,1,1,A201,1,1
645,A14,18,A31,A49,250,A61,A74,2,A94,A101,3,A123,1,A143,A152,1,A173,1,1,A201,1,1
646,A14,14,A31,A49,250,A63,A74,2,A91,A101,3,A123,1,A143,A152,2,A174,1,1,A201,1,1
647,A14,17,A34,A49,250,A63,A74,2,A94,A101,3,A122,1,A141,A152,2,A173,1,1,A201,1,1
648,A14,16,A34,A49,250,A63,A74,2,A94,A101,3,A123,1,A143,A152,2,A174,1,1,A201,1,1
649,A14,14,A34,A49,250,A63,A74,2,A91,A101,3,A123,0,A143,A152,2,A173,2,1,A201,1,0
650,A14,16,A34,A49,250,A63,A74,2,A91,A101,3,A123,1,A143,A152,2,A174,2,1,A201,1,1
651,A14,19,A34,A49,250,A63,A74,2,A91,A101,3,A123,1,A143,A152,2,A174,2,1,A201,1,1
652,A14,19,A32,A49,250,A63,A74,2,A91,A101,3,A123,0,A143,A152,2,A173,2,1,A201,1,0
653,A14,14,A34,A49,250,A63,A74,2,A91,A101,3,A122,1,A143,A151,2,A174,1,1,A201,1,1
654,A14,16,A31,A49,250,A63,A74,2,A94,A101,3,A122,1,A143,A151,2,A173,2,1,A201,1,1
655,A14,19,A31,A49,250,A63,A74,2,A91,A101,3,A123,1,A143,A152,2,A173,2,1,A201,1,1
656,A14,18,A32,A49,250,A63,A74,2,A94,A101,3,A123,1,A143,A152,2,A174,2,1,A201,1,1
657,A14,17,A34,A49,250,A63,A74,2,A91,A101,3,A123,1,A143,A151,2,A174,2,1,A201,1,1
658,A14,17,A34,A49,250,A63,A74,2,A91,A101,3,A123,0,A143,A152,2,A174,2,1,A201,1,0
659,A14,19,A34,A49,250,A63,A74,2,A91,A101,3,A123,0,A141,A152,2,A174,2,1,A201,1,0
660,A14,14,A31,A49,250,A63,A74,2,A91,A101,3,A123,0,A143,A152,2,A174,2,1,A201,1,0
661,A14,14,A34,A49,250,A61,A74,2,A91,A101,3,A123,1,A143,A151,2,A173,1,1,A201,1,1
662,A14,18,A34,A49,250,A63,A74,2,A91,A101,3,A123,0,A143,A152,2,A174,1,1,A201,1,0
663,A14,18,A34,A49,250,A63,A74,2,A91,A101,3,A123,1,A143,A151,2,A173,1,1,A201,1,1
664,A14,16,A31,A49,250,A63,A74,2,A94,A101,3,A123,1,A143,A152,2,A174,2,1,A201,1,1
665,A14,18,A34,A49,250,A63,A74,2,A91,A101,3,A123,1,A143,A152,2,A173,1,1,A201,1,1
666,A14,16,A34,A49,250,A63,A74,2,A94,A101,3,A123,1,A143,A152,2,A174,2,1,A201,1,1
667,A14,18,A31,A49,250,A63,A74,2,A91,A101,3,A123,1,A143,A152,2,A174,2,1,A201,1,1
668,A14,18,A31,A49,250,A63,A74,2,A91,A101,3,A123,1,A141,A151,2,A174,1,1,A201,1,1
669,A14,19,A31,A49,250,A63,A74,2,A91,A101,3,A123,1,A143,A152,2,A173,2,1,A201,1,1
670,A14,15,A31,A49,250,A63,A74,2,A94,A101,3,A123,1,A143,A151,2,A173,1,1,A201,1,1
671,A14,16,A34,A49,250,A63,A74,2,A91,A101,3,A123,1,A141,A152,1,A174,1,1,A201,1,1
672,A14,18,A32,A49,250,A63,A74,2,A94,A101,3,A123,0,A141,A152,2,A173,1,1,A201,1,0
673,A14,12,A31,A49,250,A63,A74,2,A91,A101,3,A123,0,A143,A152,2,A174,2,1,A201,1,0
674,A14,17,A34,A49,250,A63,A74,2,A91,A101,3,A123,1,A143,A152,2,A173,1,1,A201,1,1
675,A14,18,A31,A49,250,A63,A74,2,A94,A101,3,A123,1,A143,A152,2,A173,2,1,A201,1,1
676,A14,18,A31,A49,250,A63,A74,2,A91,A101,3,A122,1,A143,A151,2,A173,1,1,A201,1,1
677,A14,20,A31,A49,250,A63,A74,2,A91,A101,3,A122,1,A143,A152,2,A173,1,1,A201,1,1
678,A14,17,A34,A49,250,A63,A74,2,A91,A101,3,A123,0,A141,A152,2,A174,2,1,A201,1,0
679,A14,17,A31,A49,250,A63,A74,2,A94,A101,3,A123,1,A143,A152,2,A173,2,1,A201,1,1
680,A14,13,A34,A49,250,A63,A75,2,A91,A101,3,A122,1,A143,A152,2,A174,1,1,A201,1,1
681,A14,15,A31,A49,250,A63,A75,2,A93,A101,3,A122,1,A141,A152,2,A173,1,1,A201,1,1
682,A14,17,A34,A49,250,A63,A74,2,A94,A101,3,A123,1,A141,A152,2,A174,1,1,A201,1,1
683,A14,17,A34,A49,250,A63,A74,2,A91,A101,3,A123,1,A143,A152,2,A174,1,1,A201,1,1
684,A14,12,A34,A49,250,A62,A72,2,A91,A101,3,A122,1,A143,A152,2,A173,1,1,A201,1,1
685,A14,11,A34,A49,250,A63,A75,2,A91,A101,2,A122,1,A143,A152,2,A173,1,1,A201,1,1
686,A14,18,A31,A49,250,A63,A74,2,A91,A101,3,A122,1,A143,A152,2,A173,1,1,A201,1,1
687,A14,15,A34,A49,250,A63,A74,2,A91,A101,3,A123,1,A141,A152,2,A174,2,1,A201,1,1
688,A14,18,A34,A49,250,A63,A74,2,A91,A101,3,A123,1,A143,A152,2,A174,2,1,A201,1,1
689,A14,16,A34,A49,250,A63,A74,2,A91,A101,3,A123,1,A143,A152,2,A174,2,1,A201,1,1
690,A14,17,A32,A49,250,A63,A75,2,A91,A101,3,A123,0,A143,A152,2,A174,1,1,A201,1,0
691,A14,17,A34,A49,250,A63,A74,2,A94,A101,3,A123,1,A141,A152,2,A173,1,1,A201,1,1
692,A14,16,A34,A49,250,A63,A74,2,A91,A101,3,A123,0,A143,A152,2,A174,2,1,A201,1,0
693,A14,21,A31,A49,250,A61,A74,2,A93,A101,3,A123,1,A143,A151,2,A173,1,1,A201,1,1
694,A14,14,A31,A49,250,A63,A74,2,A91,A101,3,A123,1,A143,A152,2,A174,2,1,A201,1,1
695,A14,17,A31,A49,250,A63,A74,3,A94,A101,3,A123,1,A141,A152,2,A174,1,1,A201,1,1
696,A14,16,A31,A49,250,A63,A74,2,A91,A101,3,A123,1,A141,A152,2,A174,2,1,A201,1,1
697,A14,14,A34,A49,250,A63,A74,2,A91,A101,3,A123,0,A143,A152,2,A174,2,1,A201,1,0
698,A14,11,A34,A49,250,A63,A74,2,A91,A101,3,A123,1,A143,A151,2,A174,2,1,A201,1,1
699,A14,15,A34,A49,250,A63,A74,2,A91,A101,3,A122,1,A143,A151,2,A173,1,1,A201,1,1
700,A14,16,A34,A49,250,A61,A74,2,A94,A101,3,A123,1,A143,A152,2,A173,1,1,A201,1,1
701,A14,17,A34,A49,250,A62,A74,2,A91,A101,3,A123,0,A143,A152,2,A174,1,1,A201,1,0
702,A14,20,A34,A49,250,A63,A74,2,A91,A101,3,A123,1,A141,A152,2,A174,1,1,A201,1,1
703,A14,17,A34,A49,250,A63,A74,2,A91,A101,3,A122,0,A143,A152,2,A173,2,1,A201,1,0
704,A14,17,A32,A49,250,A63,A74,2,A91,A101,3,A123,1,A143,A152,2,A173,1,1,A201,1,1
705,A14,17,A34,A49,250,A63,A74,2,A94,A101,3,A123,1,A143,A151,2,A173,1,1,A201,1,1
706,A14,15,A34,A49,250,A63,A74,2,A91,A101,3,A123,1,A143,A152,2,A173,1,1,A201,1,1
707,A14,17,A31,A49,250,A63,A74,2,A91,A101,3,A123,0,A143,A152,2,A174,2,1,A201,1,0
708,A14,14,A31,A49,250,A63,A74,2,A91,A101,3,A123,1,A143,A152,2,A174,2,1,A201,1,1
709,A14,18,A34,A49,250,A63,A74,2,A94,A101,3,A123,1,A141,A152,2,A173,1,1,A201,1,1
710,A14,15,A34,A49,250,A63,A74,2,A91,A101,3,A123,1,A141,A152,2,A174,1,1,A201,1,1
711,A14,17,A31,A49,250,A63,A74,2,A91,A101,3,A122,1,A143,A152,2,A174,1,1,A201,1,1
712,A14,16,A31,A49,250,A63,A74,2,A94,A101,3,A123,1,A143,A151,2,A173,2,1,A201,1,1
713,A14,23,A31,A49,250,A63,A74,2,A91,A101,3,A122,1,A141,A152,1,A174,1,1,A201,1,1
714,A14,14,A31,A49,250,A63,A74,2,A91,A101,3,A123,1,A143,A152,2,A174,2,1,A201,1,1
715,A14,16,A34,A49,250,A63,A74,2,A91,A101,3,A123,1,A141,A151,2,A174,1,1,A201,1,1
716,A14,17,A34,A49,250,A63,A74,2,A91,A101,3,A123,1,A141,A152,1,A173,1,1,A201,1,1
717,A14,14,A31,A49,250,A63,A75,2,A94,A101,3,A123,1,A143,A151,2,A173,2,1,A201,1,1
718,A14,13,A31,A49,250,A63,A74,2,A91,A101,3,A123,1,A143,A152,2,A174,1,1,A201,1,1
719,A14,14,A31,A49,250,A63,A74,2,A91,A101,3,A123,1,A143,A152,2,A173,2,1,A201,1,1
720,A14,21,A34,A49,250,A63,A74,2,A91,A101,3,A123,1,A141,A152,2,A173,1,1,A201,1,1
721,A14,16,A31,A49,250,A63,A75,2,A94,A101,3,A122,0,A141,A152,2,A173,1,1,A201,1,0
722,A14,16,A31,A49,250,A63,A74,2,A91,A101,3,A123,1,A141,A152,2,A174,1,1,A201,1,1
723,A14,21,A32,A49,250,A63,A74,2,A94,A101,3,A122,1,A143,A152,2,A173,1,1,A201,1,1
724,A14,22,A32,A49,250,A63,A74,2,A91,A101,3,A123,1,A143,A152,2,A173,2,1,A201,1,1
725,A14,17,A34,A49,250,A63,A74,2,A94,A101,3,A122,1,A141,A152,2,A173,1,1,A201,1,1
726,A14,19,A31,A49,250,A63,A74,2,A91,A101,3,A123,1,A141,A152,2,A173,2,1,A201,1,1
727,A14,15,A31,A49,250,A63,A74,2,A91,A101,3,A123,1,A143,A152,2,A174,2,1,A201,1,1
728,A14,14,A34,A49,250,A61,A74,2,A91,A101,3,A123,1,A143,A151,2,A173,1,1,A201,1,1
729,A14,16,A31,A49,250,A63,A74,2,A91,A101,3,A123,1,A141,A152,2,A174,2,1,A201,1,1
730,A14,18,A31,A49,250,A63,A74,2,A94,A101,3,A122,1,A143,A152,2,A173,1,1,A201,1,1
731,A14,18,A34,A49,250,A63,A74,3,A94,A101,3,A123,0,A141,A152,2,A174,2,1,A201,1,0
732,A14,15,A31,A49,250,A63,A75,2,A94,A101,3,A123,1,A143,A152,2,A173,1,1,A201,1,1
733,A14,17,A31,A49,250,A63,A74,2,A91,A101,3,A123,0,A143,A152,2,A173,2,1,A201,1,0
734,A14,18,A34,A49,250,A63,A74,2,A91,A101,3,A123,1,A143,A152,2,A173,1,1,A201,1,1
735,A14,17,A34,A49,250,A63,A74,2,A93,A101,3,A122,0,A143,A152,2,A173,1,1,A201,1,0
736,A14,16,A34,A49,250,A63,A74,2,A91,A101,3,A122,1,A143,A151,2,A173,1,1,A201,1,1
737,A14,18,A32,A49,250,A61,A74,2,A91,A101,3,A123,1,A143,A152,1,A173,1,1,A201,1,1
738,A14,14,A34,A49,250,A63,A72,2,A91,A101,3,A122,1,A143,A152,2,A173,1,1,A201,1,1
739,A14,17,A34,A49,250,A63,A74,2,A91,A101,3,A123,1,A141,A152,2,A174,1,1,A201,1,1
740,A14,18,A32,A49,250,A63,A74,2,A91,A101,3,A123,1,A143,A152,2,A174,2,1,A201,1,1
741,A14,16,A31,A49,250,A63,A74,2,A91,A101,3,A123,1,A143,A152,2,A173,1,1,A201,1,1
742,A14,16,A31,A49,250,A63,A74,2,A91,A101,3,A123,1,A143,A152,2,A173,1,1,A201,1,1
743,A14,15,A31,A49,250,A63,A74,2,A91,A101,3,A123,0,A141,A152,2,A174,1,1,A201,1,0
744,A14,16,A32,A49,250,A63,A74,2,A91,A101,3,A123,1,A143,A152,2,A174,2,1,A201,1,1
745,A14,20,A31,A49,250,A63,A74,2,A91,A101,3,A122,1,A143,A152,2,A173,1,1,A201,1,1
746,A14,16,A34,A49,250,A63,A74,2,A91,A101,3,A123,0,A143,A152,2,A173,2,1,A201,1,0
747,A14,15,A31,A49,250,A63,A74,2,A91,A101,3,A123,1,A143,A152,2,A174,1,1,A201,1,1
748,A14,14,A34,A49,250,A63,A74,2,A91,A101,3,A123,1,A143,A152,2,A174,2,1,A201,1,1
749,A14,16,A34,A49,250,A63,A74,2,A91,A101,3,A123,1,A143,A151,2,A173,2,1,A201,1,1
750,A14,19,A31,A49,250,A63,A74,2,A91,A101,3,A122,1,A143,A152,2,A173,1,1,A201,1,1
751,A14,14,A34,A49,250,A63,A74,2,A91,A101,3,A123,1,A141,A151,2,A174,1,1,A201,1,1
752,A14,18,A32,A49,250,A63,A74,2,A94,A101,3,A123,1,A143,A152,2,A173,1,1,A201,1,1
753,A14,14,A31,A49,250,A61,A74,2,A94,A101,3,A123,1,A143,A151,2,A174,1,1,A201,1,1
754,A14,17,A34,A49,250,A63,A75,2,A91,A101,3,A122,0,A141,A152,2,A174,1,1,A201,1,0
755,A14,13,A34,A49,250,A63,A74,2,A91,A101,3,A123,1,A143,A152,2,A174,2,1,A201,1,1
756,A14,14,A34,A49,250,A63,A72,2,A91,A101,3,A122,1,A143,A152,2,A173,1,1,A201,1,1
757,A14,15,A31,A49,250,A61,A74,2,A91,A101,3,A123,1,A143,A152,2,A173,2,1,A201,1,1
758,A14,13,A34,A49,250,A63,A74,2,A91,A101,3,A123,1,A141,A152,2,A174,1,1,A201,1,1
759,A14,19,A31,A49,250,A63,A74,2,A91,A101,3,A123,1,A143,A152,2,A174,2,1,A201,1,1
760,A14,16,A31,A49,250,A63,A74,2,A94,A101,3,A123,0,A143,A152,2,A173,2,1,A201,1,0
761,A14,16,A31,A49,250,A63,A74,2,A91,A101,3,A123,1,A143,A152,2,A174,1,1,A201,1,1
762,A14,18,A31,A49,250,A63,A74,2,A91,A101,3,A123,0,A143,A152,2,A173,2,1,A201,1,0
763,A14,19,A34,A49,250,A63,A74,2,A91,A101,3,A123,1,A143,A152,2,A173,1,1,A201,1,1
764,A14,17,A31,A49,250,A63,A74,2,A93,A101,3,A123,1,A143,A151,2,A174,2,1,A201,1,1
765,A14,18,A31,A49,250,A63,A74,2,A91,A101,3,A122,1,A143,A152,2,A173,1,1,A201,1,1
766,A14,15,A31,A49,250,A63,A74,2,A94,A101,3,A122,1,A143,A152,2,A174,2,1,A201,1,1
767,A14,18,A31,A49,250,A63,A74,2,A91,A101,3,A122,1,A143,A151,2,A173,1,1,A201,1,1
768,A14,18,A32,A49,250,A63,A74,2,A94,A101,3,A123,1,A141,A152,2,A174,2,1,A201,1,1
769,A14,20,A31,A49,250,A63,A74,2,A93,A101,2,A122,1,A143,A152,2,A173,2,1,A201,1,1
770,A14,17,A31,A49,250,A63,A74,2,A93,A101,3,A123,0,A143,A152,2,A174,2,1,A201,1,0
771,A14,18,A31,A49,250,A63,A74,2,A91,A101,3,A122,0,A141,A152,2,A174,1,1,A201,1,0
772,A14,20,A34,A49,250,A63,A74,2,A91,A101,3,A122,1,A143,A152,2,A174,1,1,A201,1,1
773,A14,18,A34,A49,250,A63,A74,2,A91,A101,3,A122,1,A143,A152,2,A173,1,1,A201,1,1
774,A14,14,A31,A49,250,A63,A74,2,A91,A101,3,A123,1,A141,A151,2,A174,2,1,A201,1,1
775,A14,19,A34,A49,250,A63,A74,2,A91,A101,3,A123,1,A141,A152,2,A173,1,1,A201,1,1
776,A14,16,A31,A49,250,A63,A74,2,A91,A101,3,A123,1,A143,A152,2,A173,2,1,A201,1,1
777,A14,13,A31,A49,250,A63,A74,2,A91,A101,3,A123,1,A143,A152,2,A174,2,1,A201,1,1
778,A14,18,A31,A49,250,A63,A74,2,A94,A101,3,A123,0,A143,A152,2,A173,2,1,A201,1,0
779,A14,16,A31,A49,250,A63,A74,2,A91,A101,3,A123,1,A143,A152,2,A173,2,1,A201,1,1
780,A14,14,A31,A49,250,A63,A74,2,A91,A101,3,A123,1,A141,A151,2,A174,1,1,A201,1,1
781,A14,16,A31,A49,250,A63,A74,2,A91,A101,3,A123,1,A141,A152,2,A174,2,1,A201,1,1
782,A14,16,A34,A49,250,A63,A74,2,A91,A101,3,A123,1,A143,A152,2,A174,1,1,A201,1,1
783,A14,16,A34,A49,250,A63,A74,2,A94,A101,3,A123,1,A143,A151,2,A173,2,1,A201,1,1
784,A14,17,A34,A49,250,A63,A74,2,A91,A101,3,A123,1,A143,A152,2,A174,1,1,A201,1,1
785,A14,17,A34,A49,250,A63,A74,2,A94,A101,3,A123,0,A143,A152,2,A173,2,1,A201,1,0
786,A14,18,A31,A49,250,A63,A74,2,A94,A101,3,A123,1,A143,A152,2,A174,2,1,A201,1,1
787,A14,14,A31,A49,250,A63,A74,2,A91,A101,3,A123,1,A143,A151,2,A174,2,1,A201,1,1
788,A14,12,A34,A49,250,A63,A75,2,A91,A101,3,A123,1,A143,A152,2,A173,2,1,A201,1,1
789,A14,13,A34,A49,250,A63,A72,2,A91,A101,3,A123,1,A141,A151,1,A173,1,1,A201,1,1
790,A14,14,A31,A49,250,A63,A74,2,A91,A101,3,A123,1,A143,A152,2,A174,1,1,A201,1,1
791,A14,16,A34,A49,250,A63,A74,2,A91,A101,3,A123,1,A143,A152,2,A173,2,1,A201,1,1
792,A14,19,A31,A49,250,A63,A74,2,A94,A101,3,A123,1,A143,A152,2,A173,1,1,A201,1,1
793,A14,19,A31,A49,250,A63,A74,2,A91,A101,3,A123,1,A143,A152,2,A174,1,1,A201,1,1
794,A14,18,A32,A49,250,A63,A74,2,A91,A101,3,A123,0,A143,A152,2,A174,1,1,A201,1,0
795,A14,22,A32,A49,250,A63,A74,2,A91,A101,3,A123,1,A141,A152,2,A174,1,1,A201,1,1
796,A14,15,A31,A49,250,A63,A74,2,A92,A101,3,A123,1,A143,A152,2,A174,1,1,A201,1,1
797,A14,19,A31,A49,250,A63,A74,2,A94,A101,3,A123,1,A141,A151,2,A174,2,1,A201,1,1
798,A14,13,A34,A49,250,A63,A74,2,A91,A101,3,A123,1,A141,A152,2,A174,2,1,A201,1,1
799,A14,14,A34,A49,250,A63,A74,2,A91,A101,3,A123,1,A141,A152,2,A174,2,1,A201,1,1
800,A14,20,A31,A49,250,A61,A74,2,A91,A101,3,A123,1,A143,A151,2,A174,1,1,A201,1,1
801,A14,14,A31,A49,250,A63,A74,2,A94,A101,3,A123,1,A141,A151,2,A174,2,1,A201,1,1
802,A14,18,A31,A49,250,A63,A74,2,A91,A101,3,A123,1,A143,A152,2,A174,2,1,A201,1,1
803,A14,16,A31,A49,250,A63,A74,2,A91,A101,3,A123,1,A143,A152,2,A173,1,1,A201,1,1
804,A14,16,A34,A49,250,A63,A74,2,A94,A101,3,A123,1,A143,A152,2,A174,1,1,A201,1,1
805,A14,18,A34,A49,250,A63,A74,2,A91,A101,3,A122,1,A141,A152,2,A173,1,1,A201,1,1
806,A14,16,A31,A49,250,A63,A74,2,A91,A101,3,A123,1,A141,A151,2,A174,2,1,A201,1,1
807,A14,17,A31,A49,250,A63,A74,2,A94,A101,3,A123,1,A143,A152,2,A173,2,1,A201,1,1
808,A14,17,A32,A49,250,A63,A74,2,A94,A101,3,A123,1,A141,A151,2,A174,1,1,A201,1,1
809,A14,17,A34,A49,250,A61,A72,2,A94,A101,3,A123,1,A143,A151,2,A174,1,1,A201,1,1
810,A14,17,A34,A49,250,A63,A74,2,A91,A101,3,A123,1,A143,A152,2,A174,2,1,A201,1,1
811,A14,20,A31,A49,250,A63,A74,2,A91,A101,3,A123,0,A143,A151,2,A173,2,1,A201,1,0
812,A14,16,A31,A49,250,A63,A74,2,A91,A101,3,A123,0,A143,A152,2,A174,1,1,A201,1,0
813,A14,18,A31,A49,250,A63,A74,2,A91,A101,3,A123,1,A143,A152,2,A173,1,1,A201,1,1
814,A14,17,A31,A49,250,A63,A74,2,A91,A101,3,A123,0,A143,A152,2,A173,2,1,A201,1,0
815,A14,15,A34,A49,250,A61,A74,2,A91,A101,3,A123,1,A143,A151,2,A173,1,1,A201,1,1
816,A14,17,A31,A49,250,A63,A74,2,A91,A101,3,A123,1,A143,A152,2,A173,2,1,A201,1,1
817,A14,19,A31,A49,250,A63,A74,2,A91,A101,3,A123,1,A143,A151,2,A173,1,1,A201,1,1
818,A14,19,A32,A49,250,A63,A74,2,A91,A101,3,A123,0,A143,A151,2,A173,2,1,A201,1,0
819,A14,17,A34,A49,250,A63,A74,2,A94,A101,3,A123,0,A141,A152,2,A173,1,1,A201,1,0
820,A14,14,A34,A49,250,A61,A74,2,A91,A101,3,A123,1,A143,A151,2,A173,1,1,A201,1,1
821,A14,16,A31,A49,250,A63,A74,2,A94,A101,3,A122,1,A143,A151,2,A174,2,1,A201,1,1
822,A14,18,A31,A49,250,A63,A74,2,A91,A101,3,A122,1,A143,A152,2,A173,1,1,A201,1,1
823,A14,14,A31,A49,250,A63,A74,2,A94,A101,3,A123,1,A143,A152,2,A174,2,1,A201,1,1
824,A14,17,A34,A49,250,A63,A74,2,A91,A101,3,A123,1,A143,A152,2,A174,2,1,A201,1,1
825,A14,15,A31,A49,250,A63,A74,2,A91,A101,3,A123,0,A143,A152,2,A174,2,1,A201,1,0
826,A14,16,A34,A49,250,A63,A74,2,A91,A101,3,A123,1,A143,A152,2,A174,2,1,A201,1,1
827,A14,16,A34,A49,250,A61,A74,2,A91,A101,3,A123,0,A143,A152,2,A174,2,1,A201,1,0
828,A14,15,A32,A49,250,A63,A75,2,A91,A101,3,A123,1,A143,A152,2,A174,1,1,A201,1,1
829,A14,15,A31,A49,250,A63,A74,2,A94,A101,3,A123,1,A143,A152,2,A174,1,1,A201,1,1
830,A14,15,A31,A49,250,A63,A74,2,A94,A101,3,A123,0,A141,A151,2,A173,1,1,A201,1,0
831,A14,14,A34,A49,250,A63,A72,2,A94,A101,3,A123,1,A143,A152,2,A174,2,1,A201,1,1
832,A14,16,A31,A49,250,A63,A74,2,A94,A101,3,A122,1,A143,A151,2,A173,1,1,A201,1,1
833,A14,8,A34,A49,250,A61,A75,2,A93,A101,2,A122,1,A143,A151,2,A173,1,1,A201,1,1
834,A14,19,A32,A49,250,A63,A74,2,A91,A101,3,A122,1,A143,A152,2,A173,1,1,A201,1,1
835,A14,22,A32,A49,250,A63,A74,2,A91,A101,2,A123,0,A143,A152,2,A173,1,1,A201,1,0
836,A14,18,A34,A49,250,A63,A74,2,A91,A101,3,A123,1,A141,A152,2,A174,2,1,A201,1,1
837,A14,20,A34,A49,250,A63,A74,2,A91,A101,3,A123,1,A143,A152,2,A174,1,1,A201,1,1
838,A14,17,A34,A49,250,A63,A74,2,A91,A101,3,A123,1,A143,A152,2,A173,2,1,A201,1,1
839,A14,16,A31,A49,250,A63,A74,2,A94,A101,3,A123,1,A141,A151,2,A174,2,1,A201,1,1
840,A14,20,A31,A49,250,A63,A74,2,A91,A101,3,A122,1,A143,A152,2,A174,1,1,A201,1,1
841,A14,19,A31,A49,250,A63,A74,2,A91,A101,3,A122,1,A143,A152,2,A173,1,1,A201,1,1
842,A14,17,A34,A49,250,A63,A74,2,A91,A101,3,A123,1,A141,A152,1,A174,2,1,A201,1,1
843,A14,18,A31,A49,250,A63,A74,2,A91,A101,3,A123,1,A143,A152,2,A173,2,1,A201,1,1
844,A14,17,A31,A49,250,A63,A75,2,A94,A101,3,A122,1,A143,A152,2,A173,1,1,A201,1,1
845,A14,17,A34,A49,250,A63,A74,2,A91,A101,3,A122,0,A141,A152,2,A174,2,1,A201,1,0
846,A14,14,A34,A49,250,A63,A74,2,A91,A101,3,A123,1,A143,A152,2,A173,1,1,A201,1,1
847,A14,15,A31,A49,250,A63,A74,2,A91,A101,3,A123,1,A141,A152,2,A174,2,1,A201,1,1
848,A14,16,A31,A49,250,A63,A74,2,A91,A101,3,A123,0,A143,A152,2,A173,2,1,A201,1,0
849,A14,17,A31,A49,250,A61,A74,2,A94,A101,3,A123,1,A143,A152,2,A174,1,1,A201,1,1
850,A14,12,A34,A49,250,A63,A74,2,A91,A101,3,A123,1,A143,A152,2,A174,2,1,A201,1,1
851,A14,18,A31,A49,250,A63,A74,2,A94,A101,3,A122,1,A143,A151,2,A174,1,1,A201,1,1
852,A14,19,A32,A49,250,A63,A74,2,A91,A101,3,A123,0,A143,A152,2,A174,2,1,A201,1,0
853,A14,19,A31,A49,250,A63,A74,2,A91,A101,3,A123,1,A143,A152,2,A173,2,1,A201,1,1
854,A14,19,A34,A49,250,A63,A74,2,A91,A101,3,A123,1,A143,A152,2,A173,1,1,A201,1,1
855,A14,16,A34,A49,250,A61,A74,2,A91,A101,3,A123,1,A143,A152,2,A173,2,1,A201,1,1
856,A14,18,A32,A49,250,A63,A74,2,A94,A101,3,A123,1,A143,A152,2,A172,1,1,A201,1,1
857,A14,15,A34,A49,250,A62,A75,2,A91,A101,3,A123,1,A143,A152,2,A173,1,1,A201,1,1
858,A14,16,A32,A49,250,A63,A74,2,A94,A101,3,A122,1,A143,A152,2,A173,2,1,A201,1,1
859,A14,15,A34,A49,250,A63,A74,2,A91,A101,3,A123,1,A141,A152,2,A174,2,1,A201,1,1
860,A14,13,A31,A49,250,A63,A74,2,A94,A101,3,A122,1,A143,A151,2,A174,2,1,A201,1,1
861,A14,20,A31,A49,250,A63,A72,2,A91,A101,3,A122,1,A143,A152,2,A173,1,1,A201,1,1
862,A14,18,A31,A49,250,A63,A74,2,A91,A101,3,A123,1,A143,A152,2,A173,1,1,A201,1,1
863,A14,17,A31,A49,250,A63,A74,2,A94,A101,3,A123,1,A143,A151,2,A173,1,1,A201,1,1
864,A14,16,A34,A49,250,A63,A74,2,A94,A101,3,A122,1,A143,A151,2,A173,2,1,A201,1,1
865,A14,18,A31,A49,250,A63,A74,2,A94,A101,3,A123,1,A143,A152,2,A174,1,1,A201,1,1
866,A14,20,A31,A49,250,A63,A74,2,A91,A101,3,A123,1,A141,A151,2,A174,1,1,A201,1,1
867,A14,15,A31,A49,250,A63,A74,2,A91,A101,3,A123,1,A143,A151,2,A173,1,1,A201,1,1
868,A14,17,A31,A49,250,A63,A74,2,A91,A101,3,A123,1,A143,A152,2,A174,2,1,A201,1,1
869,A14,16,A31,A49,250,A63,A74,2,A94,A101,3,A123,1,A143,A152,2,A173,1,1,A201,1,1
870,A14,19,A32,A49,250,A63,A74,2,A91,A101,3,A122,1,A143,A152,2,A173,1,1,A201,1,1
871,A14,19,A34,A49,250,A63,A74,2,A91,A101,3,A122,1,A143,A152,2,A174,1,1,A201,1,1
872,A14,18,A31,A49,250,A63,A74,2,A94,A101,3,A123,1,A141,A151,2,A173,2,1,A201,1,1
873,A14,17,A31,A49,250,A63,A74,2,A92,A101,3,A123,0,A141,A152,2,A174,2,1,A201,1,0
874,A14,17,A31,A49,250,A63,A75,2,A91,A101,3,A122,0,A143,A152,2,A173,1,1,A201,1,0
875,A14,16,A31,A49,250,A63,A74,2,A94,A101,3,A123,1,A141,A152,2,A174,1,1,A201,1,1
876,A14,17,A34,A49,250,A63,A74,2,A94,A101,3,A122,1,A141,A152,2,A174,1,1,A201,1,1
877,A14,18,A32,A49,250,A63,A74,2,A91,A101,3,A122,0,A143,A152,2,A173,1,1,A201,1,0
878,A14,18,A31,A49,250,A61,A74,2,A94,A101,3,A123,1,A143,A151,2,A174,2,1,A201,1,1
879,A14,16,A34,A49,250,A63,A74,2,A91,A101,3,A122,1,A141,A152,1,A173,1,1,A201,1,1
880,A14,17,A31,A49,250,A63,A74,2,A93,A101,3,A122,1,A143,A151,2,A173,1,1,A201,1,1
881,A14,16,A34,A49,250,A63,A74,3,A94,A101,3,A123,1,A141,A152,2,A174,2,1,A201,1,1
882,A14,13,A34,A49,250,A63,A74,2,A94,A101,3,A123,1,A141,A152,2,A174,2,1,A201,1,1
883,A14,19,A31,A49,250,A63,A74,2,A91,A101,3,A123,1,A143,A151,1,A173,2,1,A201,1,1
884,A14,15,A31,A49,250,A63,A74,2,A92,A101,3,A123,0,A143,A152,2,A173,2,1,A201,1,0
885,A14,17,A31,A49,250,A63,A74,2,A91,A101,3,A123,1,A141,A151,2,A173,1,1,A201,1,1
886,A14,17,A31,A49,250,A63,A74,2,A94,A101,3,A123,1,A141,A152,2,A174,2,1,A201,1,1
887,A14,16,A34,A49,250,A63,A74,2,A91,A101,3,A123,1,A143,A152,2,A174,2,1,A201,1,1
888,A14,17,A32,A49,250,A63,A74,2,A94,A101,3,A123,0,A143,A152,2,A174,2,1,A201,1,0
889,A14,17,A34,A49,250,A63,A74,2,A91,A101,3,A122,1,A143,A152,2,A173,1,1,A201,1,1
890,A14,9,A34,A49,250,A63,A74,2,A94,A101,3,A123,0,A141,A152,1,A174,2,1,A201,1,0
891,A14,16,A34,A49,250,A63,A74,2,A91,A101,3,A123,1,A143,A152,2,A174,1,1,A201,1,1
892,A14,17,A34,A49,250,A63,A74,2,A91,A101,3,A123,1,A141,A152,2,A174,1,1,A201,1,1
893,A14,18,A31,A49,250,A63,A74,2,A91,A101,3,A123,1,A143,A152,2,A173,1,1,A201,1,1
894,A14,18,A31,A49,250,A62,A74,2,A91,A101,3,A122,1,A143,A152,2,A173,1,1,A201,1,1
895,A14,17,A34,A49,250,A63,A74,2,A91,A101,3,A123,1,A141,A152,1,A174,1,1,A201,1,1
896,A14,17,A34,A49,250,A63,A74,2,A94,A101,3,A122,1,A141,A152,2,A173,1,1,A201,1,1
897,A14,18,A34,A49,250,A63,A74,2,A91,A101,3,A123,0,A141,A152,2,A174,2,1,A201,1,0
898,A14,12,A34,A49,250,A63,A74,2,A94,A101,3,A123,1,A141,A152,2,A174,1,1,A201,1,1
899,A14,18,A31,A49,250,A63,A74,2,A91,A101,3,A123,0,A143,A152,2,A173,2,1,A201,1,0
900,A14,18,A34,A49,250,A63,A74,2,A91,A101,3,A123,1,A141,A152,1,A173,1,1,A201,1,1
901,A14,17,A34,A49,250,A63,A74,2,A91,A101,3,A123,1,A141,A152,2,A173,1,1,A201,1,1
902,A14,17,A31,A49,250,A63,A74,2,A94,A101,3,A123,1,A141,A151,2,A173,1,1,A201,1,1
903,A14,18,A31,A49,250,A63,A74,2,A94,A101,3,A123,1,A143,A152,2,A173,1,1,A201,1,1
904,A14,16,A34,A49,250,A63,A74,2,A91,A101,3,A123,1,A143,A152,2,A174,2,1,A201,1,1
905,A14,19,A31,A49,250,A61,A74,2,A91,A101,3,A123,1,A143,A152,1,A173,1,1,A201,1,1
906,A14,19,A34,A49,250,A63,A74,2,A91,A101,3,A123,0,A141,A152,2,A174,2,1,A201,1,0
907,A14,14,A34,A49,250,A63,A74,2,A94,A101,3,A123,1,A143,A152,2,A173,2,1,A201,1,1
908,A14,17,A31,A49,250,A63,A74,2,A91,A101,3,A123,1,A143,A152,2,A173,1,1,A201,1,1
909,A14,18,A31,A49,250,A63,A74,2,A94,A101,3,A123,1,A143,A152,2,A174,2,1,A201,1,1
910,A14,15,A34,A49,250,A63,A74,2,A94,A101,3,A123,1,A141,A152,2,A174,2,1,A201,1,1
911,A14,19,A34,A49,250,A63,A74,2,A91,A101,3,A123,0,A141,A152,2,A174,1,1,A201,1,0
912,A14,19,A31,A49,250,A63,A74,2,A91,A101,3,A122,1,A143,A152,2,A173,1,1,A201,1,1
913,A14,16,A34,A49,250,A63,A74,2,A91,A101,3,A123,0,A143,A151,2,A174,1,1,A201,1,0
914,A14,14,A34,A49,250,A63,A74,2,A94,A101,3,A122,1,A141,A152,2,A173,1,1,A201,1,1
915,A14,16,A31,A49,250,A63,A74,2,A94,A101,3,A122,1,A143,A151,2,A173,1,1,A201,1,1
916,A14,16,A31,A49,250,A63,A74,2,A94,A101,3,A123,1,A143,A152,2,A173,1,1,A201,1,1
917,A14,18,A32,A49,250,A63,A74,2,A91,A101,3,A123,0,A143,A152,2,A173,1,1,A201,1,0
918,A14,15,A31,A49,250,A63,A74,2,A94,A101,3,A123,1,A143,A152,2,A174,1,1,A201,1,1
919,A14,18,A31,A49,250,A63,A74,2,A94,A101,3,A123,1,A143,A152,2,A173,1,1,A201,1,1
920,A14,15,A34,A49,250,A63,A74,2,A91,A101,3,A123,0,A143,A152,2,A173,1,1,A201,1,0
921,A14,15,A34,A49,250,A63,A74,2,A94,A101,3,A122,1,A141,A151,1,A173,1,1,A201,1,1
922,A14,18,A34,A49,250,A61,A74,2,A91,A101,3,A123,1,A143,A152,2,A173,2,1,A201,1,1
923,A14,14,A34,A49,250,A63,A74,2,A94,A101,3,A123,0,A141,A152,2,A174,2,1,A201,1,0
924,A14,20,A32,A49,250,A63,A74,2,A94,A101,3,A123,1,A143,A152,2,A174,1,1,A201,1,1
925,A14,18,A34,A49,250,A63,A74,2,A91,A101,3,A123,1,A143,A152,2,A174,2,1,A201,1,1
926,A14,13,A34,A49,250,A63,A74,2,A91,A101,3,A123,1,A143,A152,2,A174,2,1,A201,1,1
927,A14,19,A31,A49,250,A63,A74,2,A94,A101,3,A123,0,A143,A152,2,A173,1,1,A201,1,0
928,A14,15,A34,A49,250,A63,A75,2,A91,A101,3,A122,1,A143,A152,2,A173,1,1,A201,1,1
929,A14,17,A34,A49,250,A63,A74,2,A91,A101,3,A123,0,A141,A152,2,A173,2,1,A201,1,0
930,A14,17,A31,A49,250,A63,A74,2,A94,A101,3,A123,1,A143,A152,2,A173,2,1,A201,1,1
931,A14,16,A34,A49,250,A63,A75,2,A94,A101,3,A122,1,A141,A152,2,A173,1,1,A201,1,1
932,A14,15,A31,A49,250,A63,A74,2,A94,A101,3,A123,1,A141,A152,2,A174,2,1,A201,1,1
933,A14,16,A31,A49,250,A63,A74,2,A94,A101,3,A122,1,A143,A152,2,A173,1,1,A201,1,1
934,A14,18,A34,A49,250,A63,A74,2,A91,A101,3,A123,0,A141,A152,2,A174,2,1,A201,1,0
935,A14,14,A31,A49,250,A63,A74,2,A94,A101,3,A123,1,A141,A151,2,A174,2,1,A201,1,1
936,A14,16,A31,A49,250,A63,A74,2,A94,A101,3,A122,1,A141,A152,2,A173,1,1,A201,1,1
937,A14,19,A31,A49,250,A63,A74,2,A91,A101,3,A122,1,A143,A152,2,A173,1,1,A201,1,1
938,A14,14,A34,A49,250,A63,A74,2,A91,A101,3,A123,0,A141,A152,2,A174,2,1,A201,1,0
939,A14,17,A31,A49,250,A63,A74,2,A91,A101,3,A123,1,A143,A152,2,A174,2,1,A201,1,1
940,A14,14,A34,A49,250,A63,A72,2,A91,A101,3,A123,1,A141,A152,2,A174,1,1,A201,1,1
941,A14,14,A34,A49,250,A63,A74,2,A91,A101,3,A123,1,A143,A151,2,A173,1,1,A201,1,1
942,A14,15,A31,A49,250,A63,A74,2,A94,A101,3,A123,1,A143,A151,2,A173,1,1,A201,1,1
943,A14,17,A31,A49,250,A63,A74,2,A91,A101,3,A123,1,A143,A152,2,A174,2,1,A201,1,1
944,A14,15,A34,A49,250,A63,A74,2,A94,A101,3,A123,0,A143,A152,2,A174,1,1,A201,1,0
945,A14,16,A31,A49,250,A63,A74,2,A91,A101,3,A122,1,A143,A152,2,A174,2,1,A201,1,1
946,A14,12,A31,A49,250,A63,A74,2,A94,A101,3,A123,1,A143,A152,2,A174,2,1,A201,1,1
947,A14,16,A34,A49,250,A63,A74,2,A91,A101,3,A123,0,A143,A152,2,A174,2,1,A201,1,0
948,A14,18,A31,A49,250,A63,A74,2,A91,A101,2,A122,1,A143,A152,2,A173,1,1,A201,1,1
949,A14,16,A31,A49,250,A63,A74,2,A94,A101,3,A123,0,A143,A152,2,A173,1,1,A201,1,0
950,A14,16,A31,A49,250,A63,A74,2,A94,A101,3,A123,1,A143,A152,2,A174,2,1,A201,1,1
951,A14,18,A34,A49,250,A63,A75,2,A91,A101,3,A123,0,A143,A152,2,A174,1,1,A201,1,0
952,A14,18,A32,A49,250,A63,A75,2,A91,A101,3,A122,1,A143,A152,2,A173,1,1,A201,1,1
953,A14,20,A31,A49,250,A63,A74,2,A91,A101,3,A123,1,A143,A152,2,A173,1,1,A201,1,1
954,A14,19,A31,A49,250,A63,A74,2,A91,A101,3,A123,1,A143,A152,2,A174,2,1,A201,1,1
955,A14,17,A31,A49,250,A63,A74,2,A91,A101,3,A123,1,A143,A152,2,A174,1,1,A201,1,1
956,A14,16,A34,A49,250,A63,A74,2,A94,A101,3,A123,1,A143,A152,2,A174,1,1,A201,1,1
957,A14,17,A34,A49,250,A63,A74,2,A94,A101,3,A123,0,A141,A152,2,A174,1,1,A201,1,0
958,A14,17,A31,A49,250,A63,A74,2,A91,A101,3,A123,1,A143,A152,2,A174,1,1,A201,1,1
959,A14,16,A31,A49,250,A63,A74,2,A91,A101,3,A123,1,A143,A152,2,A174,2,1,A201,1,1
960,A14,19,A32,A49,250,A63,A74,2,A91,A101,3,A123,1,A143,A152,2,A174,1,1,A201,1,1
961,A14,16,A34,A49,250,A63,A74,2,A94,A101,3,A123,0,A141,A152,2,A173,2,1,A201,1,0
962,A14,13,A31,A49,250,A63,A74,2,A91,A101,3,A123,1,A143,A152,2,A174,2,1,A201,1,1
963,A14,18,A31,A49,250,A63,A74,2,A91,A101,3,A123,1,A143,A152,2,A173,1,1,A201,1,1
964,A14,18,A34,A49,250,A63,A74,2,A94,A101,3,A122,1,A141,A152,2,A173,1,1,A201,1,1
965,A14,14,A31,A49,250,A63,A74,2,A94,A101,3,A123,1,A143,A152,2,A174,2,1,A201,1,1
966,A14,13,A34,A49,250,A63,A74,2,A91,A101,3,A123,1,A143,A151,2,A174,1,1,A201,1,1
967,A14,18,A34,A49,250,A63,A74,2,A91,A101,3,A122,1,A143,A152,2,A173,1,1,A201,1,1
968,A14,18,A31,A49,250,A63,A74,2,A94,A101,3,A123,1,A143,A152,2,A173,2,1,A201,1,1
969,A14,19,A31,A49,250,A63,A74,2,A94,A101,3,A123,1,A143,A151,2,A173,1,1,A201,1,1
970,A14,18,A32,A49,250,A63,A74,2,A91,A101,3,A123,1,A143,A151,2,A173,1,1,A201,1,1
971,A14,17,A34,A49,250,A62,A74,2,A91,A101,3,A123,1,A143,A152,2,A173,2,1,A201,1,1
972,A14,21,A31,A49,250,A63,A74,2,A91,A101,3,A122,1,A143,A152,1,A173,1,1,A201,1,1
973,A14,17,A31,A49,250,A63,A74,2,A91,A101,3,A123,1,A143,A152,2,A174,2,1,A201,1,1
974,A14,20,A31,A49,250,A63,A74,2,A93,A101,3,A122,1,A143,A152,2,A173,1,1,A201,1,1
975,A14,17,A34,A49,250,A63,A74,2,A91,A101,3,A123,1,A143,A152,2,A173,1,1,A201,1,1
976,A14,17,A31,A49,250,A63,A74,2,A91,A101,3,A123,1,A143,A152,2,A174,1,1,A201,1,1
977,A14,20,A32,A49,250,A63,A74,3,A91,A101,3,A123,1,A141,A152,2,A174,1,1,A201,1,1
978,A14,17,A31,A49,250,A63,A74,2,A91,A101,3,A123,1,A143,A152,2,A173,1,1,A201,1,1
979,A14,15,A31,A49,250,A63,A74,2,A91,A101,3,A123,1,A143,A152,2,A173,2,1,A201,1,1
980,A14,10,A34,A49,250,A63,A74,2,A94,A101,3,A123,1,A141,A152,2,A174,2,1,A201,1,1
981,A14,16,A34,A49,250,A63,A74,2,A91,A101,3,A123,0,A141,A152,2,A174,1,1,A201,1,0
982,A14,15,A34,A49,250,A63,A72,2,A91,A101,3,A122,1,A143,A152,2,A173,2,1,A201,1,1
983,A14,19,A32,A49,250,A63,A74,2,A94,A101,3,A123,1,A143,A152,2,A174,1,1,A201,1,1
984,A14,13,A31,A49,250,A63,A74,2,A91,A101,3,A123,1,A143,A152,2,A173,1,1,A201,1,1
985,A14,18,A31,A49,250,A63,A74,2,A91,A101,3,A123,1,A143,A152,2,A174,2,1,A201,1,1
986,A14,17,A32,A49,250,A63,A74,2,A91,A101,3,A122,1,A143,A152,2,A173,1,1,A201,1,1
987,A14,15,A34,A49,250,A63,A74,2,A94,A101,3,A123,1,A143,A152,2,A173,1,1,A201,1,1
988,A14,14,A32,A49,250,A63,A74,2,A94,A101,3,A123,1,A143,A152,2,A173,2,1,A201,1,1
989,A14,19,A31,A49,250,A63,A75,2,A91,A101,3,A122,1,A143,A151,2,A173,1,1,A201,1,1
990,A14,15,A31,A49,250,A63,A74,2,A94,A101,3,A123,1,A143,A152,2,A174,1,1,A201,1,1
991,A14,15,A34,A49,250,A63,A74,2,A91,A101,3,A123,1,A143,A152,2,A174,2,1,A201,1,1
992,A14,18,A31,A49,250,A61,A74,2,A94,A101,3,A123,1,A143,A151,2,A173,1,1,A201,1,1
993,A14,15,A31,A49,250,A63,A74,2,A91,A101,3,A123,0,A141,A151,2,A174,1,1,A201,1,0
994,A14,21,A31,A49,250,A63,A74,2,A91,A101,3,A122,1,A143,A152,2,A173,1,1,A201,1,1
995,A14,21,A34,A49,250,A61,A74,2,A91,A101,3,A123,1,A143,A152,2,A173,2,1,A201,1,1
996,A14,19,A32,A49,250,A63,A75,2,A91,A101,3,A122,1,A143,A152,2,A173,1,1,A201,1,1
997,A14,18,A34,A49,250,A63,A72,2,A91,A101,3,A123,1,A143,A151,2,A174,1,1,A201,1,1
998,A14,18,A31,A49,250,A63,A74,3,A94,A101,3,A123,1,A141,A152,1,A173,2,1,A201,1,1
999,A14,11,A34,A49,250,A63,A75,2,A93,A101,3,A123,1,A143,A152,2,A173,1,1,A201,1,1
